"Season_Nest";"nest";"season";"ringno";"session";"sx";"NI";"mean_incubation_duration";"Days_to_Hatch";"Incubation_Duration";"Partner_ringno";"Partner_NI";"Partner_Incubation";"t";"NI_plus"
"2019_101";"101";"2019";"50161";"incubation1";"f";43,18;"6273,4375";25;30;"48567";"48,94";"3356,81818181818";0,193548387096774;43,19
"2019_101";"101";"2019";"48567";"incubation1";"m";48,94;"3356,81818181818";25;30;"50161";"43,18";"6273,4375";0,193548387096774;48,95
"2019_101";"101";"2019";"50161";"incubation2";"f";1,08;"9931,81818181818";15;30;"48567";"7,09";"2792";0,516129032258065;1,09
"2019_101";"101";"2019";"48567";"incubation2";"m";7,09;"2792";15;30;"50161";"1,08";"9931,81818181818";0,516129032258065;7,1
"2019_101";"101";"2019";"50161";"incubation3";"f";2,21;"31562,5";5;30;"48567";"5,27";"32000";0,838709677419355;2,22
"2019_101";"101";"2019";"48567";"incubation3";"m";5,27;"32000";5;30;"50161";"2,21";"31562,5";0,838709677419355;5,28
"2019_113_10";"113_10";"2019";"50495";"incubation1";"f";35,11;"17068,75";23;27;"50135";"8,47";"8018,75";0,258064516129032;35,12
"2019_113_10";"113_10";"2019";"50135";"incubation1";"m";8,47;"8018,75";23;27;"50495";"35,11";"17068,75";0,258064516129032;8,48
"2019_113_10";"113_10";"2019";"50495";"incubation2";"f";0;"83625";11;27;"50135";"3,28";"50311,5";0,645161290322581;0,01
"2019_113_10";"113_10";"2019";"50135";"incubation2";"m";3,28;"50311,5";11;27;"50495";"0";"83625";0,645161290322581;3,29
"2019_113_10";"113_10";"2019";"50495";"incubation3";"f";0;"89475";2;27;"50135";"6,52";"25762,5";0,935483870967742;0,01
"2019_113_10";"113_10";"2019";"50135";"incubation3";"m";6,52;"25762,5";2;27;"50495";"0";"89475";0,935483870967742;6,53
"2019_14_6K";"14_6K";"2019";"50154";"incubation1";"f";5,18;"11584,375";24;29;"48518";"6,29";"10047,5";0,225806451612903;5,19
"2019_14_6K";"14_6K";"2019";"48518";"incubation1";"m";6,29;"10047,5";24;29;"50154";"5,18";"11584,375";0,225806451612903;6,3
"2019_14_6K";"14_6K";"2019";"50154";"incubation2";"f";1,08;"19231,25";14;29;"48518";"6,73";"26543,75";0,548387096774194;1,09
"2019_14_6K";"14_6K";"2019";"48518";"incubation2";"m";6,73;"26543,75";14;29;"50154";"1,08";"19231,25";0,548387096774194;6,74
"2019_14_6K";"14_6K";"2019";"50154";"incubation3";"f";30,78;"23362,5";2;29;"48518";"8,47";"20837,5";0,935483870967742;30,79
"2019_14_6K";"14_6K";"2019";"48518";"incubation3";"m";8,47;"20837,5";2;29;"50154";"30,78";"23362,5";0,935483870967742;8,48
"2019_D15_5";"D15_5";"2019";"26555";"incubation1";"f";25,73;"2723,64864864865";24;29;"55401";"7,17";"2919";0,225806451612903;25,74
"2019_D15_5";"D15_5";"2019";"55401";"incubation1";"m";7,17;"2919";24;29;"26555";"25,73";"2723,64864864865";0,225806451612903;7,18
"2019_D15_5";"D15_5";"2019";"26555";"incubation2";"f";0;"15637,5";14;29;"55401";"3,28";"41458,3333333333";0,548387096774194;0,01
"2019_D15_5";"D15_5";"2019";"55401";"incubation2";"m";3,28;"41458,3333333333";14;29;"26555";"0";"15637,5";0,548387096774194;3,29
"2019_D15_5";"D15_5";"2019";"26555";"incubation3";"f";0;"82225";4;29;"55401";"0";"46104,5";0,870967741935484;0,01
"2019_D15_5";"D15_5";"2019";"55401";"incubation3";"m";0;"46104,5";4;29;"26555";"0";"82225";0,870967741935484;0,01
"2019_D15_6";"D15_6";"2019";"43087";"incubation1";"f";4,3;"21405";24;29;"50209";"7,09";"9631,25";0,225806451612903;4,31
"2019_D15_6";"D15_6";"2019";"50209";"incubation1";"m";7,09;"9631,25";24;29;"43087";"4,3";"21405";0,225806451612903;7,1
"2019_D15_6";"D15_6";"2019";"43087";"incubation2";"f";29,8;"39131,5";11;29;"50209";"0";"22200";0,645161290322581;29,81
"2019_D15_6";"D15_6";"2019";"50209";"incubation2";"m";0;"22200";11;29;"43087";"29,8";"39131,5";0,645161290322581;0,01
"2019_D15_6";"D15_6";"2019";"43087";"incubation3";"f";1,08;"42075";2;29;"50209";"19,38";"40966,6666666667";0,935483870967742;1,09
"2019_D15_6";"D15_6";"2019";"50209";"incubation3";"m";19,38;"40966,6666666667";2;29;"43087";"1,08";"42075";0,935483870967742;19,39
"2019_IC";"IC";"2019";"50493";"incubation1";"f";5,21;"21375";23;29;"56605";"3,09";"5330,55555555556";0,258064516129032;5,22
"2019_IC";"IC";"2019";"56605";"incubation1";"m";3,09;"5330,55555555556";23;29;"50493";"5,21";"21375";0,258064516129032;3,1
"2019_IC";"IC";"2019";"50493";"incubation2";"f";0;"42625";15;29;"56605";"0";"32321,6666666667";0,516129032258065;0,01
"2019_IC";"IC";"2019";"56605";"incubation2";"m";0;"32321,6666666667";15;29;"50493";"0";"42625";0,516129032258065;0,01
"2019_IC";"IC";"2019";"50493";"incubation3";"f";0;"59575";4;29;"56605";"3,28";"41480,6666666667";0,870967741935484;0,01
"2019_IC";"IC";"2019";"56605";"incubation3";"m";3,28;"41480,6666666667";4;29;"50493";"0";"59575";0,870967741935484;3,29
"2019_K17_13";"K17_13";"2019";"55406";"incubation1";"f";1,08;"11265";24;29;"50496";"2,21";"8891,66666666667";0,225806451612903;1,09
"2019_K17_13";"K17_13";"2019";"50496";"incubation1";"m";2,21;"8891,66666666667";24;29;"55406";"1,08";"11265";0,225806451612903;2,22
"2019_K17_13";"K17_13";"2019";"55406";"incubation2";"f";0;"43591,6666666667";14;29;"50496";"0";"41450";0,548387096774194;0,01
"2019_K17_13";"K17_13";"2019";"50496";"incubation2";"m";0;"41450";14;29;"55406";"0";"43591,6666666667";0,548387096774194;0,01
"2019_K17_13";"K17_13";"2019";"55406";"incubation3";"f";0;"74150";5;29;"50496";"2,21";"42675";0,838709677419355;0,01
"2019_K17_13";"K17_13";"2019";"50496";"incubation3";"m";2,21;"42675";5;29;"55406";"0";"74150";0,838709677419355;2,22
"2019_K17_15";"K17_15";"2019";"50153";"incubation1";"f";6,73;"6916,16666666667";24;29;"50498";"12,06";"8145,45454545455";0,225806451612903;6,74
"2019_K17_15";"K17_15";"2019";"50498";"incubation1";"m";12,06;"8145,45454545455";24;29;"50153";"6,73";"6916,16666666667";0,225806451612903;12,07
"2019_K17_15";"K17_15";"2019";"50153";"incubation2";"f";0;"34662,5";14;29;"50498";"2,33";"27700";0,548387096774194;0,01
"2019_K17_15";"K17_15";"2019";"50498";"incubation2";"m";2,33;"27700";14;29;"50153";"0";"34662,5";0,548387096774194;2,34
"2019_K17_15";"K17_15";"2019";"50153";"incubation3";"f";0;"11205";5;29;"50498";"9,57";"17480";0,838709677419355;0,01
"2019_K17_15";"K17_15";"2019";"50498";"incubation3";"m";9,57;"17480";5;29;"50153";"0";"11205";0,838709677419355;9,58
"2019_W39";"W39";"2019";"50152";"incubation2";"f";0;"37400";12;27;"46028";"1,08";"20425";0,612903225806452;0,01
"2019_W39";"W39";"2019";"46028";"incubation2";"m";1,08;"20425";12;27;"50152";"0";"37400";0,612903225806452;1,09
"2019_W39B";"W39B";"2019";"50167";"incubation1";"f";3,02;"6825";24;28;"50327";"18,11";"3109,82142857143";0,225806451612903;3,03
"2019_W39B";"W39B";"2019";"50327";"incubation1";"m";18,11;"3109,82142857143";24;28;"50167";"3,02";"6825";0,225806451612903;18,12
"2019_W39B";"W39B";"2019";"50167";"incubation2";"f";1,08;"34333,3333333333";13;28;"50327";"12,47";"42337,5";0,580645161290323;1,09
"2019_W39B";"W39B";"2019";"50327";"incubation2";"m";12,47;"42337,5";13;28;"50167";"1,08";"34333,3333333333";0,580645161290323;12,48
"2019_W39B";"W39B";"2019";"50167";"incubation3";"f";5,65;"40966,6666666667";3;28;"50327";"8,34";"17137,5";0,903225806451613;5,66
"2019_W39B";"W39B";"2019";"50327";"incubation3";"m";8,34;"17137,5";3;28;"50167";"5,65";"40966,6666666667";0,903225806451613;8,35
"2019_W40";"W40";"2019";"43817";"incubation1";"f";7,25;"6518,75";24;29;"41260";"15,94";"4050";0,225806451612903;7,26
"2019_W40";"W40";"2019";"41260";"incubation1";"m";15,94;"4050";24;29;"43817";"7,25";"6518,75";0,225806451612903;15,95
"2019_W40";"W40";"2019";"43817";"incubation2";"f";0;"9675";14;29;"41260";"0";"39306,25";0,548387096774194;0,01
"2019_W40";"W40";"2019";"41260";"incubation2";"m";0;"39306,25";14;29;"43817";"0";"9675";0,548387096774194;0,01
"2019_W40";"W40";"2019";"43817";"incubation3";"f";3,28;"16512,5";2;29;"41260";"12,03";"7895";0,935483870967742;3,29
"2019_W40";"W40";"2019";"41260";"incubation3";"m";12,03;"7895";2;29;"43817";"3,28";"16512,5";0,935483870967742;12,04
"2019_W41J";"W41J";"2019";"44955";"incubation1";"f";25,31;"3458,82352941176";23;28;"26975";"33,23";"2374,52830188679";0,258064516129032;25,32
"2019_W41J";"W41J";"2019";"26975";"incubation1";"m";33,23;"2374,52830188679";23;28;"44955";"25,31";"3458,82352941176";0,258064516129032;33,24
"2019_W41J";"W41J";"2019";"44955";"incubation2";"f";11,53;"2489,77272727273";13;28;"26975";"22,17";"2219,20289855072";0,580645161290323;11,54
"2019_W41J";"W41J";"2019";"26975";"incubation2";"m";22,17;"2219,20289855072";13;28;"44955";"11,53";"2489,77272727273";0,580645161290323;22,18
"2019_W41J";"W41J";"2019";"44955";"incubation3";"f";0;"77125";2;28;"26975";"23,31";"5903,57142857143";0,935483870967742;0,01
"2019_W41J";"W41J";"2019";"26975";"incubation3";"m";23,31;"5903,57142857143";2;28;"44955";"0";"77125";0,935483870967742;23,32
"2019_W49";"W49";"2019";"50492";"incubation1";"f";0;"55875";23;27;"43858";"10,33";"36775";0,258064516129032;0,01
"2019_W49";"W49";"2019";"43858";"incubation1";"m";10,33;"36775";23;27;"50492";"0";"55875";0,258064516129032;10,34
"2019_W49";"W49";"2019";"50492";"incubation3";"f";0;"64413";2;27;"43858";"0";"90250";0,935483870967742;0,01
"2019_W49";"W49";"2019";"43858";"incubation3";"m";0;"90250";2;27;"50492";"0";"64413";0,935483870967742;0,01
"2020_101";"101";"2020";"50161";"incubation1";"f";2,13;"3388,04545454545";16;NA;"48567";"41,81";"5609,52";0,483870967741935;2,14
"2020_101";"101";"2020";"48567";"incubation1";"m";41,81;"5609,52";16;NA;"50161";"2,13";"3388,04545454545";0,483870967741935;41,82
"2020_101";"101";"2020";"50161";"incubation2";"f";0;"9177,5";8;NA;"48567";"10,73";"14174,9090909091";0,741935483870968;0,01
"2020_101";"101";"2020";"48567";"incubation2";"m";10,73;"14174,9090909091";8;NA;"50161";"0";"9177,5";0,741935483870968;10,74
"2020_113_10";"113_10";"2020";"56613";"incubation1";"f";0;"19980,1428571429";19;NA;"50135";"8,03";"10165,375";0,387096774193548;0,01
"2020_113_10";"113_10";"2020";"50135";"incubation1";"m";8,03;"10165,375";19;NA;"56613";"0";"19980,1428571429";0,387096774193548;8,04
"2020_113_10";"113_10";"2020";"56613";"incubation2";"f";0;"42473";11;NA;"50135";"0";"35307,3333333333";0,645161290322581;0,01
"2020_113_10";"113_10";"2020";"50135";"incubation2";"m";0;"35307,3333333333";11;NA;"56613";"0";"42473";0,645161290322581;0,01
"2020_113_10";"113_10";"2020";"56613";"incubation3";"f";0;"79598";4;NA;"50135";"5,54";"38015";0,870967741935484;0,01
"2020_113_10";"113_10";"2020";"50135";"incubation3";"m";5,54;"38015";4;NA;"56613";"0";"79598";0,870967741935484;5,55
"2020_113_1A";"113_1A";"2020";"50244";"incubation1";"f";0;"84807";10;NA;"55439";"0";"56049,5";0,67741935483871;0,01
"2020_113_1A";"113_1A";"2020";"55439";"incubation1";"m";0;"56049,5";10;NA;"50244";"0";"84807";0,67741935483871;0,01
"2020_113_1A";"113_1A";"2020";"50244";"incubation2";"f";16,02;"26578,3333333333";3;NA;"55439";"15,6";"55583,5";0,903225806451613;16,03
"2020_113_1A";"113_1A";"2020";"55439";"incubation2";"m";15,6;"55583,5";3;NA;"50244";"16,02";"26578,3333333333";0,903225806451613;15,61
"2020_113_41";"113_41";"2020";"44892";"incubation1";"f";20,95;"5346,76470588235";17;NA;"46155";"11,25";"10046,5454545455";0,451612903225806;20,96
"2020_113_41";"113_41";"2020";"46155";"incubation1";"m";11,25;"10046,5454545455";17;NA;"44892";"20,95";"5346,76470588235";0,451612903225806;11,26
"2020_113_41";"113_41";"2020";"44892";"incubation2";"f";11,19;"39948";9;NA;"46155";"83,32";"18921,3333333333";0,709677419354839;11,2
"2020_113_41";"113_41";"2020";"46155";"incubation2";"m";83,32;"18921,3333333333";9;NA;"44892";"11,19";"39948";0,709677419354839;83,33
"2020_113_41";"113_41";"2020";"44892";"incubation3";"f";32,64;"15898,3636363636";2;NA;"46155";"0";"16012";0,935483870967742;32,65
"2020_113_41";"113_41";"2020";"46155";"incubation3";"m";0;"16012";2;NA;"44892";"32,64";"15898,3636363636";0,935483870967742;0,01
"2020_11_58";"11_58";"2020";"55405";"incubation1";"f";0;"3178,54166666667";18;NA;"26937";"4,72";"12328,1";0,419354838709677;0,01
"2020_11_58";"11_58";"2020";"26937";"incubation1";"m";4,72;"12328,1";18;NA;"55405";"0";"3178,54166666667";0,419354838709677;4,73
"2020_11_58";"11_58";"2020";"55405";"incubation2";"f";1,08;"21401,3333333333";10;NA;"26937";"0,61";"22633,3333333333";0,67741935483871;1,09
"2020_11_58";"11_58";"2020";"26937";"incubation2";"m";0,61;"22633,3333333333";10;NA;"55405";"1,08";"21401,3333333333";0,67741935483871;0,62
"2020_11_58";"11_58";"2020";"55405";"incubation3";"f";41,67;"923,711538461538";2;NA;"26937";"1,9";"52147,3333333333";0,935483870967742;41,68
"2020_11_58";"11_58";"2020";"26937";"incubation3";"m";1,9;"52147,3333333333";2;NA;"55405";"41,67";"923,711538461538";0,935483870967742;1,91
"2020_12_16";"12_16";"2020";"50259";"incubation1";"f";13,99;"13754,8888888889";16;NA;"50138";"24,36";"8380,5";0,483870967741935;14
"2020_12_16";"12_16";"2020";"50138";"incubation1";"m";24,36;"8380,5";16;NA;"50259";"13,99";"13754,8888888889";0,483870967741935;24,37
"2020_12_16";"12_16";"2020";"50259";"incubation2";"f";0;"38853";8;NA;"50138";"8,61";"42423,6666666667";0,741935483870968;0,01
"2020_12_16";"12_16";"2020";"50138";"incubation2";"m";8,61;"42423,6666666667";8;NA;"50259";"0";"38853";0,741935483870968;8,62
"2020_14_24K";"14_24K";"2020";"55445";"incubation1";"f";0;"22725";13;NA;"50203";"7,98";"31069,5";0,580645161290323;0,01
"2020_14_24K";"14_24K";"2020";"50203";"incubation1";"m";7,98;"31069,5";13;NA;"55445";"0";"22725";0,580645161290323;7,99
"2020_14_24K";"14_24K";"2020";"55445";"incubation2";"f";0;"52445";5;NA;"50203";"0";"69562";0,838709677419355;0,01
"2020_14_24K";"14_24K";"2020";"50203";"incubation2";"m";0;"69562";5;NA;"55445";"0";"52445";0,838709677419355;0,01
"2020_14_6K";"14_6K";"2020";"50154";"incubation1";"f";16,28;"8191,11764705882";17;NA;"48518";"7,84";"6376,33333333333";0,451612903225806;16,29
"2020_14_6K";"14_6K";"2020";"48518";"incubation1";"m";7,84;"6376,33333333333";17;NA;"50154";"16,28";"8191,11764705882";0,451612903225806;7,85
"2020_14_6K";"14_6K";"2020";"50154";"incubation2";"f";11,63;"19076,2857142857";9;NA;"48518";"0,7";"26478";0,709677419354839;11,64
"2020_14_6K";"14_6K";"2020";"48518";"incubation2";"m";0,7;"26478";9;NA;"50154";"11,63";"19076,2857142857";0,709677419354839;0,71
"2020_14_6K";"14_6K";"2020";"50154";"incubation3";"f";14,35;"21546,5";2;NA;"48518";"4,5";"10307";0,935483870967742;14,36
"2020_14_6K";"14_6K";"2020";"48518";"incubation3";"m";4,5;"10307";2;NA;"50154";"14,35";"21546,5";0,935483870967742;4,51
"2020_D15_13";"D15_13";"2020";"50033";"incubation1";"f";15;"28978,4";16;NA;"35945";"34,19";"36768";0,483870967741935;15,01
"2020_D15_13";"D15_13";"2020";"35945";"incubation1";"m";34,19;"36768";16;NA;"50033";"15";"28978,4";0,483870967741935;34,2
"2020_D15_13";"D15_13";"2020";"50033";"incubation2";"f";34,1;"27657";8;NA;"35945";"0";"56805,5";0,741935483870968;34,11
"2020_D15_13";"D15_13";"2020";"35945";"incubation2";"m";0;"56805,5";8;NA;"50033";"34,1";"27657";0,741935483870968;0,01
"2020_D16_10";"D16_10";"2020";"55418";"incubation2";"f";0,08;"43124,5";5;NA;"48559";"0,27";"19408,3333333333";0,838709677419355;0,09
"2020_D16_10";"D16_10";"2020";"48559";"incubation2";"m";0,27;"19408,3333333333";5;NA;"55418";"0,08";"43124,5";0,838709677419355;0,28
"2020_D17_16";"D17_16";"2020";"50165";"incubation1";"f";19,34;"15869,4";14;NA;"50172";"10,36";"11484";0,548387096774194;19,35
"2020_D17_16";"D17_16";"2020";"50172";"incubation1";"m";10,36;"11484";14;NA;"50165";"19,34";"15869,4";0,548387096774194;10,37
"2020_D17_16";"D17_16";"2020";"50165";"incubation2";"f";4,6;"25624,2";6;NA;"50172";"0";"32141,5";0,806451612903226;4,61
"2020_D17_16";"D17_16";"2020";"50172";"incubation2";"m";0;"32141,5";6;NA;"50165";"4,6";"25624,2";0,806451612903226;0,01
"2020_D17_8";"D17_8";"2020";"50290";"incubation1";"f";4,94;"4280,2";17;NA;"48597";"9,92";"4010,66666666667";0,451612903225806;4,95
"2020_D17_8";"D17_8";"2020";"48597";"incubation1";"m";9,92;"4010,66666666667";17;NA;"50290";"4,94";"4280,2";0,451612903225806;9,93
"2020_D17_8";"D17_8";"2020";"50290";"incubation2";"f";0;"22019";9;NA;"48597";"2,21";"44590";0,709677419354839;0,01
"2020_D17_8";"D17_8";"2020";"48597";"incubation2";"m";2,21;"44590";9;NA;"50290";"0";"22019";0,709677419354839;2,22
"2020_D17_8";"D17_8";"2020";"50290";"incubation3";"f";0;"11433,3333333333";1;NA;"48597";"23,78";"16179,8";0,967741935483871;0,01
"2020_D17_8";"D17_8";"2020";"48597";"incubation3";"m";23,78;"16179,8";1;NA;"50290";"0";"11433,3333333333";0,967741935483871;23,79
"2020_K17_11";"K17_11";"2020";"55682";"incubation1";"f";0;"30609,5";11;NA;"46154";"0,13";"42037,3333333333";0,645161290322581;0,01
"2020_K17_11";"K17_11";"2020";"46154";"incubation1";"m";0,13;"42037,3333333333";11;NA;"55682";"0";"30609,5";0,645161290322581;0,14
"2020_K17_11";"K17_11";"2020";"55682";"incubation2";"f";0;"51273,5";3;NA;"46154";"0,27";"41262";0,903225806451613;0,01
"2020_K17_11";"K17_11";"2020";"46154";"incubation2";"m";0,27;"41262";3;NA;"55682";"0";"51273,5";0,903225806451613;0,28
"2020_K17_13";"K17_13";"2020";"55406";"incubation1";"f";0;"4515,375";20;NA;"50496";"5,29";"7203,4";0,354838709677419;0,01
"2020_K17_13";"K17_13";"2020";"50496";"incubation1";"m";5,29;"7203,4";20;NA;"55406";"0";"4515,375";0,354838709677419;5,3
"2020_K17_13";"K17_13";"2020";"55406";"incubation2";"f";0;"33164,5";12;NA;"50496";"4,56";"26250,4";0,612903225806452;0,01
"2020_K17_13";"K17_13";"2020";"50496";"incubation2";"m";4,56;"26250,4";12;NA;"55406";"0";"33164,5";0,612903225806452;4,57
"2020_K17_13";"K17_13";"2020";"55406";"incubation3";"f";0;"23967,25";5;NA;"50496";"2,12";"33647,6666666667";0,838709677419355;0,01
"2020_K17_13";"K17_13";"2020";"50496";"incubation3";"m";2,12;"33647,6666666667";5;NA;"55406";"0";"23967,25";0,838709677419355;2,13
"2020_K19_15";"K19_15";"2020";"43047";"incubation1";"f";0;"53625";11;NA;"55685";"0";"42551";0,645161290322581;0,01
"2020_K19_15";"K19_15";"2020";"55685";"incubation1";"m";0;"42551";11;NA;"43047";"0";"53625";0,645161290322581;0,01
"2020_K19_15";"K19_15";"2020";"43047";"incubation2";"f";0,98;"49155,3333333333";3;NA;"55685";"0";"27526";0,903225806451613;0,99
"2020_K19_15";"K19_15";"2020";"55685";"incubation2";"m";0;"27526";3;NA;"43047";"0,98";"49155,3333333333";0,903225806451613;0,01
"2020_K19_22";"K19_22";"2020";"55684";"incubation1";"f";0;"33200";11;NA;"48561";"1,31";"97989";0,645161290322581;0,01
"2020_K19_22";"K19_22";"2020";"48561";"incubation1";"m";1,31;"97989";11;NA;"55684";"0";"33200";0,645161290322581;1,32
"2020_K19_22";"K19_22";"2020";"55684";"incubation2";"f";0;"42718";4;NA;"48561";"0";"63504,5";0,870967741935484;0,01
"2020_K19_22";"K19_22";"2020";"48561";"incubation2";"m";0;"63504,5";4;NA;"55684";"0";"42718";0,870967741935484;0,01
"2020_K19_29";"K19_29";"2020";"55683";"incubation1";"f";6,97;"42262,3333333333";20;NA;"55686";"44,06";"17579,3333333333";0,354838709677419;6,98
"2020_K19_29";"K19_29";"2020";"55686";"incubation1";"m";44,06;"17579,3333333333";20;NA;"55683";"6,97";"42262,3333333333";0,354838709677419;44,07
"2020_K19_29";"K19_29";"2020";"55683";"incubation2";"f";0,84;"33981,6666666667";12;NA;"55686";"34,08";"53330,5";0,612903225806452;0,85
"2020_K19_29";"K19_29";"2020";"55686";"incubation2";"m";34,08;"53330,5";12;NA;"55683";"0,84";"33981,6666666667";0,612903225806452;34,09
"2020_K19_29";"K19_29";"2020";"55683";"incubation3";"f";20,23;"33196";5;NA;"55686";"17,2";"26625,3333333333";0,838709677419355;20,24
"2020_K19_29";"K19_29";"2020";"55686";"incubation3";"m";17,2;"26625,3333333333";5;NA;"55683";"20,23";"33196";0,838709677419355;17,21
"2020_K19_30";"K19_30";"2020";"46102";"incubation1";"f";0;"40355,6666666667";12;NA;"43065";"0";"67774";0,612903225806452;0,01
"2020_K19_30";"K19_30";"2020";"43065";"incubation1";"m";0;"67774";12;NA;"46102";"0";"40355,6666666667";0,612903225806452;0,01
"2020_K19_30";"K19_30";"2020";"46102";"incubation2";"f";0;"33258,6666666667";4;NA;"43065";"0";"56873";0,870967741935484;0,01
"2020_K19_30";"K19_30";"2020";"43065";"incubation2";"m";0;"56873";4;NA;"46102";"0";"33258,6666666667";0,870967741935484;0,01
"2020_K8";"K8";"2020";"55404";"incubation1";"f";14,55;"13724,1111111111";17;NA;"44931";"5,49";"12691,625";0,451612903225806;14,56
"2020_K8";"K8";"2020";"44931";"incubation1";"m";5,49;"12691,625";17;NA;"55404";"14,55";"13724,1111111111";0,451612903225806;5,5
"2020_K8";"K8";"2020";"55404";"incubation2";"f";0;"28740";9;NA;"44931";"1,06";"42760";0,709677419354839;0,01
"2020_K8";"K8";"2020";"44931";"incubation2";"m";1,06;"42760";9;NA;"55404";"0";"28740";0,709677419354839;1,07
"2020_K8";"K8";"2020";"55404";"incubation3";"f";14,81;"11999,1428571429";1;NA;"44931";"9,78";"17931,3333333333";0,967741935483871;14,82
"2020_K8";"K8";"2020";"44931";"incubation3";"m";9,78;"17931,3333333333";1;NA;"55404";"14,81";"11999,1428571429";0,967741935483871;9,79
"2020_W28N";"W28N";"2020";"26953";"incubation1";"f";0;"44097";15;NA;"46100";"1,4";"57548,6666666667";0,516129032258065;0,01
"2020_W28N";"W28N";"2020";"46100";"incubation1";"m";1,4;"57548,6666666667";15;NA;"26953";"0";"44097";0,516129032258065;1,41
"2020_W28N";"W28N";"2020";"26953";"incubation2";"f";0;"48851,5";7;NA;"46100";"0";"47913,5";0,774193548387097;0,01
"2020_W28N";"W28N";"2020";"46100";"incubation2";"m";0;"47913,5";7;NA;"26953";"0";"48851,5";0,774193548387097;0,01
"2020_W39";"W39";"2020";"50152";"incubation1";"f";10,2;"12803";18;NA;"46028";"13,39";"4804,53333333333";0,419354838709677;10,21
"2020_W39";"W39";"2020";"46028";"incubation1";"m";13,39;"4804,53333333333";18;NA;"50152";"10,2";"12803";0,419354838709677;13,4
"2020_W39";"W39";"2020";"50152";"incubation2";"f";0;"32439,6666666667";10;NA;"46028";"1,08";"40423";0,67741935483871;0,01
"2020_W39";"W39";"2020";"46028";"incubation2";"m";1,08;"40423";10;NA;"50152";"0";"32439,6666666667";0,67741935483871;1,09
"2020_W39";"W39";"2020";"50152";"incubation3";"f";15,28;"16120,3333333333";3;NA;"46028";"2,86";"10575,1428571429";0,903225806451613;15,29
"2020_W39";"W39";"2020";"46028";"incubation3";"m";2,86;"10575,1428571429";3;NA;"50152";"15,28";"16120,3333333333";0,903225806451613;2,87
"2020_W39B";"W39B";"2020";"50167";"incubation1";"f";19,22;"2091,82142857143";25;NA;"50327";"31,42";"1860,5223880597";0,193548387096774;19,23
"2020_W39B";"W39B";"2020";"50327";"incubation1";"m";31,42;"1860,5223880597";25;NA;"50167";"19,22";"2091,82142857143";0,193548387096774;31,43
"2020_W39B";"W39B";"2020";"50167";"incubation2";"f";5,85;"12940";17;NA;"50327";"7,63";"3919,88461538462";0,451612903225806;5,86
"2020_W39B";"W39B";"2020";"50327";"incubation2";"m";7,63;"3919,88461538462";17;NA;"50167";"5,85";"12940";0,451612903225806;7,64
"2020_W39B";"W39B";"2020";"50167";"incubation3";"f";26,76;"6609,46666666667";9;NA;"50327";"8,98";"2977,44444444444";0,709677419354839;26,77
"2020_W39B";"W39B";"2020";"50327";"incubation3";"m";8,98;"2977,44444444444";9;NA;"50167";"26,76";"6609,46666666667";0,709677419354839;8,99
"2020_W40";"W40";"2020";"43817";"incubation1";"f";9,65;"7228,14285714286";19;NA;"41260";"15,32";"1622,83720930233";0,387096774193548;9,66
"2020_W40";"W40";"2020";"41260";"incubation1";"m";15,32;"1622,83720930233";19;NA;"43817";"9,65";"7228,14285714286";0,387096774193548;15,33
"2020_W40";"W40";"2020";"43817";"incubation2";"f";4,81;"47695,5";11;NA;"41260";"17,42";"6988,5";0,645161290322581;4,82
"2020_W40";"W40";"2020";"41260";"incubation2";"m";17,42;"6988,5";11;NA;"43817";"4,81";"47695,5";0,645161290322581;17,43
"2020_W40";"W40";"2020";"43817";"incubation3";"f";8,34;"8826,22222222222";4;NA;"41260";"16,05";"5740,18181818182";0,870967741935484;8,35
"2020_W40";"W40";"2020";"41260";"incubation3";"m";16,05;"5740,18181818182";4;NA;"43817";"8,34";"8826,22222222222";0,870967741935484;16,06
"2020_W41J";"W41J";"2020";"44955";"incubation1";"f";6,67;"5149,30434782609";19;NA;"26975";"27,21";"1274,5";0,387096774193548;6,68
"2020_W41J";"W41J";"2020";"26975";"incubation1";"m";27,21;"1274,5";19;NA;"44955";"6,67";"5149,30434782609";0,387096774193548;27,22
"2020_W41J";"W41J";"2020";"44955";"incubation2";"f";21,45;"15662,625";11;NA;"26975";"41,79";"7303,9";0,645161290322581;21,46
"2020_W41J";"W41J";"2020";"26975";"incubation2";"m";41,79;"7303,9";11;NA;"44955";"21,45";"15662,625";0,645161290322581;41,8
"2020_W41J";"W41J";"2020";"44955";"incubation3";"f";0,75;"47518";4;NA;"26975";"30,86";"5762,07692307692";0,870967741935484;0,76
"2020_W41J";"W41J";"2020";"26975";"incubation3";"m";30,86;"5762,07692307692";4;NA;"44955";"0,75";"47518";0,870967741935484;30,87
"2020_W49";"W49";"2020";"50492";"incubation1";"f";0;"14969,8333333333";16;NA;"43858";"0";"11626,2";0,483870967741935;0,01
"2020_W49";"W49";"2020";"43858";"incubation1";"m";0;"11626,2";16;NA;"50492";"0";"14969,8333333333";0,483870967741935;0,01
"2020_W49";"W49";"2020";"50492";"incubation2";"f";5,72;"61193,5";8;NA;"43858";"2,47";"12428,875";0,741935483870968;5,73
"2020_W49";"W49";"2020";"43858";"incubation2";"m";2,47;"12428,875";8;NA;"50492";"5,72";"61193,5";0,741935483870968;2,48
"2020_W49";"W49";"2020";"50492";"incubation3";"f";5,42;"43636,6666666667";1;NA;"43858";"0";"15445";0,967741935483871;5,43
"2020_W49";"W49";"2020";"43858";"incubation3";"m";0;"15445";1;NA;"50492";"5,42";"43636,6666666667";0,967741935483871;0,01
"2020_W6";"W6";"2020";"50099";"incubation1";"f";10,79;"2352,24242424242";16;NA;"50088";"7,77";"3802,2";0,483870967741935;10,8
"2020_W6";"W6";"2020";"50088";"incubation1";"m";7,77;"3802,2";16;NA;"50099";"10,79";"2352,24242424242";0,483870967741935;7,78
"2020_W6";"W6";"2020";"50099";"incubation2";"f";6,07;"15641";8;NA;"50088";"10,25";"9826";0,741935483870968;6,08
"2020_W6";"W6";"2020";"50088";"incubation2";"m";10,25;"9826";8;NA;"50099";"6,07";"15641";0,741935483870968;10,26
"2020_W6";"W6";"2020";"50099";"incubation3";"f";9,11;"2630,06451612903";0;NA;"50088";"6,07";"8191,8947368421";1;9,12
"2020_W6";"W6";"2020";"50088";"incubation3";"m";6,07;"8191,8947368421";0;NA;"50099";"9,11";"2630,06451612903";1;6,08
"2021_101";"101";"2021";"50161";"incubation2";"f";1,17;"14480";13;27;"48567";"2,38";"31714,5";0,580645161290323;1,18
"2021_101";"101";"2021";"48567";"incubation2";"m";2,38;"31714,5";13;27;"50161";"1,17";"14480";0,580645161290323;2,39
"2021_101";"101";"2021";"50161";"incubation3";"f";9,97;"24189";4;27;"48567";"5,05";"33147";0,870967741935484;9,98
"2021_101";"101";"2021";"48567";"incubation3";"m";5,05;"33147";4;27;"50161";"9,97";"24189";0,870967741935484;5,06
"2021_113_41";"113_41";"2021";"44892";"incubation1";"f";18,65;"10801,3333333333";27;30;"46155";"82,87";"9599,75";0,129032258064516;18,66
"2021_113_41";"113_41";"2021";"46155";"incubation1";"m";82,87;"9599,75";27;30;"44892";"18,65";"10801,3333333333";0,129032258064516;82,88
"2021_113_41";"113_41";"2021";"44892";"incubation2";"f";5,23;"33931,3333333333";14;30;"46155";"3,28";"76356";0,548387096774194;5,24
"2021_113_41";"113_41";"2021";"46155";"incubation2";"m";3,28;"76356";14;30;"44892";"5,23";"33931,3333333333";0,548387096774194;3,29
"2021_113_41";"113_41";"2021";"44892";"incubation3";"f";11,1;"19056,5";7;30;"46155";"0";"58397,5";0,774193548387097;11,11
"2021_113_41";"113_41";"2021";"46155";"incubation3";"m";0;"58397,5";7;30;"44892";"11,1";"19056,5";0,774193548387097;0,01
"2021_11_58";"11_58";"2021";"55405";"incubation1";"f";9,01;"7441,23529411765";25;29;"26937";"74,95";"10802,8333333333";0,193548387096774;9,02
"2021_11_58";"11_58";"2021";"26937";"incubation1";"m";74,95;"10802,8333333333";25;29;"55405";"9,01";"7441,23529411765";0,193548387096774;74,96
"2021_11_58";"11_58";"2021";"55405";"incubation2";"f";3,27;"8832";15;29;"26937";"1,83";"8993,63636363636";0,516129032258065;3,28
"2021_11_58";"11_58";"2021";"26937";"incubation2";"m";1,83;"8993,63636363636";15;29;"55405";"3,27";"8832";0,516129032258065;1,84
"2021_11_58";"11_58";"2021";"55405";"incubation3";"f";0;"90782";6;29;"26937";"0";"57690,5";0,806451612903226;0,01
"2021_11_58";"11_58";"2021";"26937";"incubation3";"m";0;"57690,5";6;29;"55405";"0";"90782";0,806451612903226;0,01
"2021_D15_5";"D15_5";"2021";"26555";"incubation1";"f";0;"48405,5";24;28;"55401";"3,15";"39226,5";0,225806451612903;0,01
"2021_D15_5";"D15_5";"2021";"55401";"incubation1";"m";3,15;"39226,5";24;28;"26555";"0";"48405,5";0,225806451612903;3,16
"2021_D15_5";"D15_5";"2021";"26555";"incubation2";"f";2,82;"18719,6";13;28;"55401";"6,84";"22163,2";0,580645161290323;2,83
"2021_D15_5";"D15_5";"2021";"55401";"incubation2";"m";6,84;"22163,2";13;28;"26555";"2,82";"18719,6";0,580645161290323;6,85
"2021_D15_5";"D15_5";"2021";"26555";"incubation3";"f";0,8;"48252";5;28;"55401";"5,91";"71073";0,838709677419355;0,81
"2021_D15_5";"D15_5";"2021";"55401";"incubation3";"m";5,91;"71073";5;28;"26555";"0,8";"48252";0,838709677419355;5,92
"2021_D15_6";"D15_6";"2021";"43087";"incubation1";"f";7,98;"43073,6666666667";25;29;"50209";"0";"10202,5";0,193548387096774;7,99
"2021_D15_6";"D15_6";"2021";"50209";"incubation1";"m";0;"10202,5";25;29;"43087";"7,98";"43073,6666666667";0,193548387096774;0,01
"2021_D15_6";"D15_6";"2021";"43087";"incubation2";"f";0;"25669,3333333333";15;29;"50209";"93,18";"10157,6666666667";0,516129032258065;0,01
"2021_D15_6";"D15_6";"2021";"50209";"incubation2";"m";93,18;"10157,6666666667";15;29;"43087";"0";"25669,3333333333";0,516129032258065;93,19
"2021_D15_6";"D15_6";"2021";"43087";"incubation3";"f";12,18;"37321,6666666667";6;29;"50209";"0";"55526,5";0,806451612903226;12,19
"2021_D15_6";"D15_6";"2021";"50209";"incubation3";"m";0;"55526,5";6;29;"43087";"12,18";"37321,6666666667";0,806451612903226;0,01
"2021_D16_1";"D16_1";"2021";"55449";"incubation1";"f";9,37;"6297,41666666667";25;29;"48455";"28,86";"9850,07692307692";0,193548387096774;9,38
"2021_D16_1";"D16_1";"2021";"48455";"incubation1";"m";28,86;"9850,07692307692";25;29;"55449";"9,37";"6297,41666666667";0,193548387096774;28,87
"2021_D16_1";"D16_1";"2021";"55449";"incubation2";"f";6,06;"24755";15;29;"48455";"0";"28733,25";0,516129032258065;6,07
"2021_D16_1";"D16_1";"2021";"48455";"incubation2";"m";0;"28733,25";15;29;"55449";"6,06";"24755";0,516129032258065;0,01
"2021_D16_1";"D16_1";"2021";"55449";"incubation3";"f";0;"28792,5";6;29;"48455";"0";"60915";0,806451612903226;0,01
"2021_D16_1";"D16_1";"2021";"48455";"incubation3";"m";0;"60915";6;29;"55449";"0";"28792,5";0,806451612903226;0,01
"2021_D16_10";"D16_10";"2021";"55418";"incubation1";"f";28,83;"6621,45454545455";25;29;"48559";"21,98";"10056,3076923077";0,193548387096774;28,84
"2021_D16_10";"D16_10";"2021";"48559";"incubation1";"m";21,98;"10056,3076923077";25;29;"55418";"28,83";"6621,45454545455";0,193548387096774;21,99
"2021_D17_16";"D17_16";"2021";"50165";"incubation1";"f";96,19;"21801,5";26;31;"50172";"7,71";"7679,27272727273";0,161290322580645;96,2
"2021_D17_16";"D17_16";"2021";"50172";"incubation1";"m";7,71;"7679,27272727273";26;31;"50165";"96,19";"21801,5";0,161290322580645;7,72
"2021_D17_16";"D17_16";"2021";"50165";"incubation2";"f";1,08;"40677,5";15;31;"50172";"0";"99694";0,516129032258065;1,09
"2021_D17_16";"D17_16";"2021";"50172";"incubation2";"m";0;"99694";15;31;"50165";"1,08";"40677,5";0,516129032258065;0,01
"2021_D17_16";"D17_16";"2021";"50165";"incubation3";"f";0;"43241";7;31;"50172";"5,12";"28404,25";0,774193548387097;0,01
"2021_D17_16";"D17_16";"2021";"50172";"incubation3";"m";5,12;"28404,25";7;31;"50165";"0";"43241";0,774193548387097;5,13
"2021_K16_4";"K16_4";"2021";"55413";"incubation1";"f";0;"93882";26;29;"55402";"30,33";"9811,77777777778";0,161290322580645;0,01
"2021_K16_4";"K16_4";"2021";"55402";"incubation1";"m";30,33;"9811,77777777778";26;29;"55413";"0";"93882";0,161290322580645;30,34
"2021_K16_4";"K16_4";"2021";"55413";"incubation2";"f";0;"106949";15;29;"55402";"9,54";"13530,5";0,516129032258065;0,01
"2021_K16_4";"K16_4";"2021";"55402";"incubation2";"m";9,54;"13530,5";15;29;"55413";"0";"106949";0,516129032258065;9,55
"2021_K16_4";"K16_4";"2021";"55413";"incubation3";"f";0;"74843,5";6;29;"55402";"5,87";"22724,3333333333";0,806451612903226;0,01
"2021_K16_4";"K16_4";"2021";"55402";"incubation3";"m";5,87;"22724,3333333333";6;29;"55413";"0";"74843,5";0,806451612903226;5,88
"2021_K17_13";"K17_13";"2021";"55406";"incubation1";"f";0;"10612,4";26;29;"50496";"0";"7890";0,161290322580645;0,01
"2021_K17_13";"K17_13";"2021";"50496";"incubation1";"m";0;"7890";26;29;"55406";"0";"10612,4";0,161290322580645;0,01
"2021_K17_13";"K17_13";"2021";"55406";"incubation2";"f";0;"75084";14;29;"50496";"3,57";"35379,3333333333";0,548387096774194;0,01
"2021_K17_13";"K17_13";"2021";"50496";"incubation2";"m";3,57;"35379,3333333333";14;29;"55406";"0";"75084";0,548387096774194;3,58
"2021_K17_13";"K17_13";"2021";"55406";"incubation3";"f";0,32;"46874,5";6;29;"50496";"5,46";"44478";0,806451612903226;0,33
"2021_K17_13";"K17_13";"2021";"50496";"incubation3";"m";5,46;"44478";6;29;"55406";"0,32";"46874,5";0,806451612903226;5,47
"2021_K19_22";"K19_22";"2021";"55684";"incubation1";"f";0;"33598";26;30;"48561";"0";"48911";0,161290322580645;0,01
"2021_K19_22";"K19_22";"2021";"48561";"incubation1";"m";0;"48911";26;30;"55684";"0";"33598";0,161290322580645;0,01
"2021_K8";"K8";"2021";"55404";"incubation1";"f";0;"16474,25";26;30;"44931";"4,15";"5734,4";0,161290322580645;0,01
"2021_K8";"K8";"2021";"44931";"incubation1";"m";4,15;"5734,4";26;30;"55404";"0";"16474,25";0,161290322580645;4,16
"2021_K8";"K8";"2021";"55404";"incubation2";"f";92,3;"20385,5";15;30;"44931";"0";"17872,4285714286";0,516129032258065;92,31
"2021_K8";"K8";"2021";"44931";"incubation2";"m";0;"17872,4285714286";15;30;"55404";"92,3";"20385,5";0,516129032258065;0,01
"2021_K8";"K8";"2021";"55404";"incubation3";"f";65,22;"17937,625";7;30;"44931";"0";"52109";0,774193548387097;65,23
"2021_K8";"K8";"2021";"44931";"incubation3";"m";0;"52109";7;30;"55404";"65,22";"17937,625";0,774193548387097;0,01
"2021_W39";"W39";"2021";"50152";"incubation2";"f";0;"44172,5";12;NA;"46070";"0";"48543,5";0,612903225806452;0,01
"2021_W39";"W39";"2021";"46070";"incubation2";"m";0;"48543,5";12;NA;"50152";"0";"44172,5";0,612903225806452;0,01
"2021_W39";"W39";"2021";"50152";"incubation3";"f";76,13;"49784,3333333333";4;NA;"46070";"0";"44602";0,870967741935484;76,14
"2021_W39";"W39";"2021";"46070";"incubation3";"m";0;"44602";4;NA;"50152";"76,13";"49784,3333333333";0,870967741935484;0,01
"2021_W40";"W40";"2021";"43817";"incubation1";"f";6,93;"10641";26;29;"41260";"25,03";"2087,81578947368";0,161290322580645;6,94
"2021_W40";"W40";"2021";"41260";"incubation1";"m";25,03;"2087,81578947368";26;29;"43817";"6,93";"10641";0,161290322580645;25,04
"2021_W40";"W40";"2021";"43817";"incubation2";"f";5,83;"8191,61538461538";13;29;"41260";"13,21";"4001,18518518519";0,580645161290323;5,84
"2021_W40";"W40";"2021";"41260";"incubation2";"m";13,21;"4001,18518518519";13;29;"43817";"5,83";"8191,61538461538";0,580645161290323;13,22
"2021_W40";"W40";"2021";"43817";"incubation3";"f";7,34;"18545,8333333333";6;29;"41260";"12,61";"4330,86363636364";0,806451612903226;7,35
"2021_W40";"W40";"2021";"41260";"incubation3";"m";12,61;"4330,86363636364";6;29;"43817";"7,34";"18545,8333333333";0,806451612903226;12,62
"2021_W41J";"W41J";"2021";"44955";"incubation1";"f";12,27;"22179,8333333333";25;28;"26975";"35,17";"5437,15384615385";0,193548387096774;12,28
"2021_W41J";"W41J";"2021";"26975";"incubation1";"m";35,17;"5437,15384615385";25;28;"44955";"12,27";"22179,8333333333";0,193548387096774;35,18
"2021_W41J";"W41J";"2021";"44955";"incubation2";"f";0;"56583,5";13;28;"26975";"10,75";"48666,5";0,580645161290323;0,01
"2021_W41J";"W41J";"2021";"26975";"incubation2";"m";10,75;"48666,5";13;28;"44955";"0";"56583,5";0,580645161290323;10,76
"2021_W41J";"W41J";"2021";"44955";"incubation3";"f";1,58;"63001,5";5;28;"26975";"37,82";"30324,6666666667";0,838709677419355;1,59
"2021_W41J";"W41J";"2021";"26975";"incubation3";"m";37,82;"30324,6666666667";5;28;"44955";"1,58";"63001,5";0,838709677419355;37,83
"2021_W6";"W6";"2021";"50099";"incubation1";"f";12,42;"4553,94117647059";26;30;"50088";"6,94";"6202,44";0,161290322580645;12,43
"2021_W6";"W6";"2021";"50088";"incubation1";"m";6,94;"6202,44";26;30;"50099";"12,42";"4553,94117647059";0,161290322580645;6,95
"2021_W6";"W6";"2021";"50099";"incubation2";"f";3,96;"4803,35294117647";13;30;"50088";"3,74";"8089,375";0,580645161290323;3,97
"2021_W6";"W6";"2021";"50088";"incubation2";"m";3,74;"8089,375";13;30;"50099";"3,96";"4803,35294117647";0,580645161290323;3,75
"2021_W6";"W6";"2021";"50099";"incubation3";"f";8,08;"11909,6363636364";7;30;"50088";"4,02";"7829,58333333333";0,774193548387097;8,09
"2021_W6";"W6";"2021";"50088";"incubation3";"m";4,02;"7829,58333333333";7;30;"50099";"8,08";"11909,6363636364";0,774193548387097;4,03
"2023_101";"101";"2023";"50161";"incubation1";"f";0,42;"23953,6";20;NA;"48567";"3,36";"6356,45454545455";0,354838709677419;0,43
"2023_101";"101";"2023";"48567";"incubation1";"m";3,36;"6356,45454545455";20;NA;"50161";"0,42";"23953,6";0,354838709677419;3,37
"2023_101";"101";"2023";"50161";"incubation2";"f";2,27;"28205,6666666667";10;NA;"48567";"42,37";"29131,3333333333";0,67741935483871;2,28
"2023_101";"101";"2023";"48567";"incubation2";"m";42,37;"29131,3333333333";10;NA;"50161";"2,27";"28205,6666666667";0,67741935483871;42,38
"2023_101";"101";"2023";"50161";"incubation3";"f";21,83;"32395,5";2;NA;"48567";"28,03";"37522";0,935483870967742;21,84
"2023_101";"101";"2023";"48567";"incubation3";"m";28,03;"37522";2;NA;"50161";"21,83";"32395,5";0,935483870967742;28,04
"2023_113_10";"113_10";"2023";"60006";"incubation3";"f";0,89;"44006,3333333333";1;NA;"50135";"3,69";"79939,5";0,967741935483871;0,9
"2023_113_10";"113_10";"2023";"50135";"incubation3";"m";3,69;"79939,5";1;NA;"60006";"0,89";"44006,3333333333";0,967741935483871;3,7
"2023_11_58";"11_58";"2023";"58338";"incubation2";"f";88,42;"19086,6666666667";14;NA;"58336";"17,89";"23432";0,548387096774194;88,43
"2023_11_58";"11_58";"2023";"58336";"incubation2";"m";17,89;"23432";14;NA;"58338";"88,42";"19086,6666666667";0,548387096774194;17,9
"2023_11_58";"11_58";"2023";"58338";"incubation3";"f";7,75;"38575,5";6;NA;"58336";"3,11";"40917,6666666667";0,806451612903226;7,76
"2023_11_58";"11_58";"2023";"58336";"incubation3";"m";3,11;"40917,6666666667";6;NA;"58338";"7,75";"38575,5";0,806451612903226;3,12
"2023_14_10M";"14_10M";"2023";"50225";"incubation1";"f";0;"30814";20;NA;"50275";"1,08";"22995";0,354838709677419;0,01
"2023_14_10M";"14_10M";"2023";"50275";"incubation1";"m";1,08;"22995";20;NA;"50225";"0";"30814";0,354838709677419;1,09
"2023_14_10M";"14_10M";"2023";"50225";"incubation2";"f";0;"87577";10;NA;"50275";"0";"85572";0,67741935483871;0,01
"2023_14_10M";"14_10M";"2023";"50275";"incubation2";"m";0;"85572";10;NA;"50225";"0";"87577";0,67741935483871;0,01
"2023_14_10M";"14_10M";"2023";"50225";"incubation3";"f";0;"88483,5";2;NA;"50275";"0";"95161";0,935483870967742;0,01
"2023_14_10M";"14_10M";"2023";"50275";"incubation3";"m";0;"95161";2;NA;"50225";"0";"88483,5";0,935483870967742;0,01
"2023_A20_4";"A20_4";"2023";"56618";"incubation1";"f";29,91;"9892,5";21;NA;"57906";"35,94";"4475,15625";0,32258064516129;29,92
"2023_A20_4";"A20_4";"2023";"57906";"incubation1";"m";35,94;"4475,15625";21;NA;"56618";"29,91";"9892,5";0,32258064516129;35,95
"2023_A20_4";"A20_4";"2023";"56618";"incubation3";"f";92,47;"51640";3;NA;"57906";"10,48";"22457";0,903225806451613;92,48
"2023_A20_4";"A20_4";"2023";"57906";"incubation3";"m";10,48;"22457";3;NA;"56618";"92,47";"51640";0,903225806451613;10,49
"2023_D15_6";"D15_6";"2023";"43087";"incubation1";"f";31,75;"6166";22;NA;"50209";"5,87";"5744,13636363636";0,290322580645161;31,76
"2023_D15_6";"D15_6";"2023";"50209";"incubation1";"m";5,87;"5744,13636363636";22;NA;"43087";"31,75";"6166";0,290322580645161;5,88
"2023_K17_13";"K17_13";"2023";"55406";"incubation1";"f";26,3;"4842,07692307692";22;NA;"50496";"47,18";"10858,7272727273";0,290322580645161;26,31
"2023_K17_13";"K17_13";"2023";"50496";"incubation1";"m";47,18;"10858,7272727273";22;NA;"55406";"26,3";"4842,07692307692";0,290322580645161;47,19
"2023_K19_19";"K19_19";"2023";"58339";"incubation2";"f";5,87;"21552,25";14;NA;"57913";"11,71";"30337";0,548387096774194;5,88
"2023_K19_19";"K19_19";"2023";"57913";"incubation2";"m";11,71;"30337";14;NA;"58339";"5,87";"21552,25";0,548387096774194;11,72
"2023_K19_19";"K19_19";"2023";"58339";"incubation3";"f";6,3;"6690,14285714286";6;NA;"57913";"50,19";"14727,5714285714";0,806451612903226;6,31
"2023_K19_19";"K19_19";"2023";"57913";"incubation3";"m";50,19;"14727,5714285714";6;NA;"58339";"6,3";"6690,14285714286";0,806451612903226;50,2
"2023_K20_15";"K20_15";"2023";"50493";"incubation1";"f";4,39;"5979,05";20;NA;"56605";"46,17";"6242,58333333333";0,354838709677419;4,4
"2023_K20_15";"K20_15";"2023";"56605";"incubation1";"m";46,17;"6242,58333333333";20;NA;"50493";"4,39";"5979,05";0,354838709677419;46,18
"2023_K20_15";"K20_15";"2023";"50493";"incubation2";"f";0;"74643";11;NA;"56605";"0";"63105";0,645161290322581;0,01
"2023_K20_15";"K20_15";"2023";"56605";"incubation2";"m";0;"63105";11;NA;"50493";"0";"74643";0,645161290322581;0,01
"2023_K20_15";"K20_15";"2023";"50493";"incubation3";"f";0;"46070";2;NA;"56605";"1,31";"36740";0,935483870967742;0,01
"2023_K20_15";"K20_15";"2023";"56605";"incubation3";"m";1,31;"36740";2;NA;"50493";"0";"46070";0,935483870967742;1,32
"2023_K20_17";"K20_17";"2023";"57904";"incubation2";"f";20,95;"15418,1428571429";14;NA;"48598";"0";"28117";0,548387096774194;20,96
"2023_K20_17";"K20_17";"2023";"48598";"incubation2";"m";0;"28117";14;NA;"57904";"20,95";"15418,1428571429";0,548387096774194;0,01
"2023_K20_17";"K20_17";"2023";"57904";"incubation3";"f";11,99;"8468,9";6;NA;"48598";"18,27";"32063,75";0,806451612903226;12
"2023_K20_17";"K20_17";"2023";"48598";"incubation3";"m";18,27;"32063,75";6;NA;"57904";"11,99";"8468,9";0,806451612903226;18,28
"2023_K21_37";"K21_37";"2023";"50176";"incubation3";"f";0;"56376,5";3;NA;"57954";"0";"45967";0,903225806451613;0,01
"2023_K21_37";"K21_37";"2023";"57954";"incubation3";"m";0;"45967";3;NA;"50176";"0";"56376,5";0,903225806451613;0,01
"2023_K8";"K8";"2023";"55404";"incubation1";"f";8,27;"16028,2857142857";22;NA;"44931";"12,62";"11742,5";0,290322580645161;8,28
"2023_K8";"K8";"2023";"44931";"incubation1";"m";12,62;"11742,5";22;NA;"55404";"8,27";"16028,2857142857";0,290322580645161;12,63
"2023_W40";"W40";"2023";"43817";"incubation1";"f";6,68;"7356,22222222222";21;NA;"41260";"17,31";"4963,59259259259";0,32258064516129;6,69
"2023_W40";"W40";"2023";"41260";"incubation1";"m";17,31;"4963,59259259259";21;NA;"43817";"6,68";"7356,22222222222";0,32258064516129;17,32
"2023_W40";"W40";"2023";"43817";"incubation2";"f";0;"56041";11;NA;"41260";"16,24";"26666";0,645161290322581;0,01
"2023_W40";"W40";"2023";"41260";"incubation2";"m";16,24;"26666";11;NA;"43817";"0";"56041";0,645161290322581;16,25
"2023_W40";"W40";"2023";"43817";"incubation3";"f";6;"22182,1666666667";3;NA;"41260";"5";"6034,33333333333";0,903225806451613;6,01
"2023_W40";"W40";"2023";"41260";"incubation3";"m";5;"6034,33333333333";3;NA;"43817";"6";"22182,1666666667";0,903225806451613;5,01
"2023_W41J";"W41J";"2023";"44955";"incubation1";"f";0;"29141,5";21;NA;"26975";"7,53";"42237,3333333333";0,32258064516129;0,01
"2023_W41J";"W41J";"2023";"26975";"incubation1";"m";7,53;"42237,3333333333";21;NA;"44955";"0";"29141,5";0,32258064516129;7,54
"2023_W41J";"W41J";"2023";"44955";"incubation2";"f";0;"64775,5";11;NA;"26975";"0";"83601";0,645161290322581;0,01
"2023_W41J";"W41J";"2023";"26975";"incubation2";"m";0;"83601";11;NA;"44955";"0";"64775,5";0,645161290322581;0,01
"2023_W41J";"W41J";"2023";"44955";"incubation3";"f";0;"81356";3;NA;"26975";"43";"61282";0,903225806451613;0,01
"2023_W41J";"W41J";"2023";"26975";"incubation3";"m";43;"61282";3;NA;"44955";"0";"81356";0,903225806451613;43,01
"2023_W6";"W6";"2023";"50099";"incubation1";"f";0;"5537,44444444444";21;NA;"50088";"45,99";"16237,1818181818";0,32258064516129;0,01
"2023_W6";"W6";"2023";"50088";"incubation1";"m";45,99;"16237,1818181818";21;NA;"50099";"0";"5537,44444444444";0,32258064516129;46
"2025_101";"101";"2025";"50161";"incubation1";"f";29,44;"5124,95238095238";25;30;"48567";"1,94";"5500,72727272727";0,193548387096774;29,45
"2025_101";"101";"2025";"48567";"incubation1";"m";1,94;"5500,72727272727";25;30;"50161";"29,44";"5124,95238095238";0,193548387096774;1,95
"2025_101";"101";"2025";"50161";"incubation2";"f";0,61;"27430,6666666667";16;30;"48567";"0";"56910";0,483870967741935;0,62
"2025_101";"101";"2025";"48567";"incubation2";"m";0;"56910";16;30;"50161";"0,61";"27430,6666666667";0,483870967741935;0,01
"2025_101";"101";"2025";"50161";"incubation3";"f";50,21;"40442,5";7;30;"48567";"4,44";"30690,3333333333";0,774193548387097;50,22
"2025_101";"101";"2025";"48567";"incubation3";"m";4,44;"30690,3333333333";7;30;"50161";"50,21";"40442,5";0,774193548387097;4,45
"2025_113_10";"113_10";"2025";"60006";"incubation1";"f";0;"45555,5";15;29;"50135";"0";"46004";0,516129032258065;0,01
"2025_113_10";"113_10";"2025";"50135";"incubation1";"m";0;"46004";15;29;"60006";"0";"45555,5";0,516129032258065;0,01
"2025_113_10";"113_10";"2025";"60006";"incubation2";"f";0;"35136,3333333333";6;29;"50135";"0,66";"25446,3333333333";0,806451612903226;0,01
"2025_113_10";"113_10";"2025";"50135";"incubation2";"m";0,66;"25446,3333333333";6;29;"60006";"0";"35136,3333333333";0,806451612903226;0,67
"2025_113_1A";"113_1A";"2025";"50244";"incubation1";"f";39,74;"12061,625";25;30;"55439";"12,36";"6697,72727272727";0,193548387096774;39,75
"2025_113_1A";"113_1A";"2025";"55439";"incubation1";"m";12,36;"6697,72727272727";25;30;"50244";"39,74";"12061,625";0,193548387096774;12,37
"2025_113_1A";"113_1A";"2025";"50244";"incubation2";"f";0;"16506,75";16;30;"55439";"2,07";"44501,6666666667";0,483870967741935;0,01
"2025_113_1A";"113_1A";"2025";"55439";"incubation2";"m";2,07;"44501,6666666667";16;30;"50244";"0";"16506,75";0,483870967741935;2,08
"2025_113_1A";"113_1A";"2025";"50244";"incubation3";"f";0;"51212";7;30;"55439";"0";"78986";0,774193548387097;0,01
"2025_113_1A";"113_1A";"2025";"55439";"incubation3";"m";0;"78986";7;30;"50244";"0";"51212";0,774193548387097;0,01
"2025_113_41";"113_41";"2025";"44892";"incubation2";"f";5,5;"36914,75";14;29;"46155";"13,01";"13382,25";0,548387096774194;5,51
"2025_113_41";"113_41";"2025";"46155";"incubation2";"m";13,01;"13382,25";14;29;"44892";"5,5";"36914,75";0,548387096774194;13,02
"2025_113_41";"113_41";"2025";"44892";"incubation3";"f";0;"48791";6;29;"46155";"0";"41112,5";0,806451612903226;0,01
"2025_113_41";"113_41";"2025";"46155";"incubation3";"m";0;"41112,5";6;29;"44892";"0";"48791";0,806451612903226;0,01
"2025_11_58";"11_58";"2025";"58338";"incubation2";"f";0;"47739,5";14;NA;"58336";"1,67";"38856";0,548387096774194;0,01
"2025_11_58";"11_58";"2025";"58336";"incubation2";"m";1,67;"38856";14;NA;"58338";"0";"47739,5";0,548387096774194;1,68
"2025_11_58";"11_58";"2025";"58338";"incubation3";"f";0;"25399";5;NA;"58336";"6,87";"14940";0,838709677419355;0,01
"2025_11_58";"11_58";"2025";"58336";"incubation3";"m";6,87;"14940";5;NA;"58338";"0";"25399";0,838709677419355;6,88
"2025_12_16";"12_16";"2025";"59948";"incubation1";"f";28,84;"8455,1";25;30;"50138";"43,74";"28585";0,193548387096774;28,85
"2025_12_16";"12_16";"2025";"50138";"incubation1";"m";43,74;"28585";25;30;"59948";"28,84";"8455,1";0,193548387096774;43,75
"2025_14_10M";"14_10M";"2025";"50225";"incubation1";"f";0,47;"36784";22;28;"50275";"4,53";"41316";0,290322580645161;0,48
"2025_14_10M";"14_10M";"2025";"50275";"incubation1";"m";4,53;"41316";22;28;"50225";"0,47";"36784";0,290322580645161;4,54
"2025_14_10M";"14_10M";"2025";"50225";"incubation2";"f";0;"100678";14;28;"50275";"0";"66603,5";0,548387096774194;0,01
"2025_14_10M";"14_10M";"2025";"50275";"incubation2";"m";0;"66603,5";14;28;"50225";"0";"100678";0,548387096774194;0,01
"2025_14_10M";"14_10M";"2025";"50225";"incubation3";"f";0;"118975";5;28;"50275";"0";"58078";0,838709677419355;0,01
"2025_14_10M";"14_10M";"2025";"50275";"incubation3";"m";0;"58078";5;28;"50225";"0";"118975";0,838709677419355;0,01
"2025_83N";"83N";"2025";"57164";"incubation1";"f";23,22;"33335,5";13;29;"55442";"0";"9781";0,580645161290323;23,23
"2025_83N";"83N";"2025";"55442";"incubation1";"m";0;"9781";13;29;"57164";"23,22";"33335,5";0,580645161290323;0,01
"2025_83N";"83N";"2025";"57164";"incubation2";"f";0;"38460";6;29;"55442";"0";"52116,5";0,806451612903226;0,01
"2025_83N";"83N";"2025";"55442";"incubation2";"m";0;"52116,5";6;29;"57164";"0";"38460";0,806451612903226;0,01
"2025_A20_1";"A20_1";"2025";"59944";"incubation1";"f";71,38;"2718,10344827586";27;32;"55691";"21,31";"4441,27272727273";0,129032258064516;71,39
"2025_A20_1";"A20_1";"2025";"55691";"incubation1";"m";21,31;"4441,27272727273";27;32;"59944";"71,38";"2718,10344827586";0,129032258064516;21,32
"2025_A20_1";"A20_1";"2025";"59944";"incubation2";"f";6,43;"7876,4";17;32;"55691";"23,2";"7730,41666666667";0,451612903225806;6,44
"2025_A20_1";"A20_1";"2025";"55691";"incubation2";"m";23,2;"7730,41666666667";17;32;"59944";"6,43";"7876,4";0,451612903225806;23,21
"2025_A20_1";"A20_1";"2025";"59944";"incubation3";"f";6,95;"10999";9;32;"55691";"26,68";"27815,5";0,709677419354839;6,96
"2025_A20_1";"A20_1";"2025";"55691";"incubation3";"m";26,68;"27815,5";9;32;"59944";"6,95";"10999";0,709677419354839;26,69
"2025_A20_3";"A20_3";"2025";"59978";"incubation1";"f";0;"23846,25";16;30;"57909";"0";"86672";0,483870967741935;0,01
"2025_A20_3";"A20_3";"2025";"57909";"incubation1";"m";0;"86672";16;30;"59978";"0";"23846,25";0,483870967741935;0,01
"2025_A20_3";"A20_3";"2025";"59978";"incubation2";"f";0;"38274,5";7;30;"57909";"0";"101591";0,774193548387097;0,01
"2025_A20_3";"A20_3";"2025";"57909";"incubation2";"m";0;"101591";7;30;"59978";"0";"38274,5";0,774193548387097;0,01
"2025_A20_4";"A20_4";"2025";"61573";"incubation1";"f";53,88;"10982,625";23;29;"57906";"4,93";"2360,27659574468";0,258064516129032;53,89
"2025_A20_4";"A20_4";"2025";"57906";"incubation1";"m";4,93;"2360,27659574468";23;29;"61573";"53,88";"10982,625";0,258064516129032;4,94
"2025_A20_4";"A20_4";"2025";"61573";"incubation2";"f";0;"39789,3333333333";15;29;"57906";"0";"4856,80952380952";0,516129032258065;0,01
"2025_A20_4";"A20_4";"2025";"57906";"incubation2";"m";0;"4856,80952380952";15;29;"61573";"0";"39789,3333333333";0,516129032258065;0,01
"2025_A20_4";"A20_4";"2025";"61573";"incubation3";"f";0;"63222";5;29;"57906";"3,11";"20246,3333333333";0,838709677419355;0,01
"2025_A20_4";"A20_4";"2025";"57906";"incubation3";"m";3,11;"20246,3333333333";5;29;"61573";"0";"63222";0,838709677419355;3,12
"2025_D15_11";"D15_11";"2025";"50230";"incubation2";"f";1,26;"51377,5";16;30;"50070";"2,81";"46032,6666666667";0,483870967741935;1,27
"2025_D15_11";"D15_11";"2025";"50070";"incubation2";"m";2,81;"46032,6666666667";16;30;"50230";"1,26";"51377,5";0,483870967741935;2,82
"2025_D15_11";"D15_11";"2025";"50230";"incubation3";"f";0;"51686";7;30;"50070";"0,94";"73822";0,774193548387097;0,01
"2025_D15_11";"D15_11";"2025";"50070";"incubation3";"m";0,94;"73822";7;30;"50230";"0";"51686";0,774193548387097;0,95
"2025_D15_6";"D15_6";"2025";"43087";"incubation2";"f";0;"51358,5";15;30;"50209";"4,06";"25554,25";0,516129032258065;0,01
"2025_D15_6";"D15_6";"2025";"50209";"incubation2";"m";4,06;"25554,25";15;30;"43087";"0";"51358,5";0,516129032258065;4,07
"2025_D15_6";"D15_6";"2025";"43087";"incubation3";"f";8,12;"31373,6666666667";7;30;"50209";"1,94";"42661,5";0,774193548387097;8,13
"2025_D15_6";"D15_6";"2025";"50209";"incubation3";"m";1,94;"42661,5";7;30;"43087";"8,12";"31373,6666666667";0,774193548387097;1,95
"2025_D17_16";"D17_16";"2025";"50165";"incubation1";"f";45,06;"10560,9";25;30;"61525";"25,14";"2206,71875";0,193548387096774;45,07
"2025_D17_16";"D17_16";"2025";"61525";"incubation1";"m";25,14;"2206,71875";25;30;"50165";"45,06";"10560,9";0,193548387096774;25,15
"2025_D17_16";"D17_16";"2025";"50165";"incubation2";"f";15,69;"19249,8";16;30;"61525";"5,41";"13098,1666666667";0,483870967741935;15,7
"2025_D17_16";"D17_16";"2025";"61525";"incubation2";"m";5,41;"13098,1666666667";16;30;"50165";"15,69";"19249,8";0,483870967741935;5,42
"2025_D17_16";"D17_16";"2025";"50165";"incubation3";"f";0,94;"13280,1428571429";7;30;"61525";"10,12";"8650,9";0,774193548387097;0,95
"2025_D17_16";"D17_16";"2025";"61525";"incubation3";"m";10,12;"8650,9";7;30;"50165";"0,94";"13280,1428571429";0,774193548387097;10,13
"2025_D17_8";"D17_8";"2025";"57902";"incubation1";"f";0;"7259,4";26;30;"57903";"31,06";"13453,8181818182";0,161290322580645;0,01
"2025_D17_8";"D17_8";"2025";"57903";"incubation1";"m";31,06;"13453,8181818182";26;30;"57902";"0";"7259,4";0,161290322580645;31,07
"2025_D17_8";"D17_8";"2025";"57902";"incubation2";"f";0;"11146,3333333333";15;30;"57903";"6,24";"21198,6";0,516129032258065;0,01
"2025_D17_8";"D17_8";"2025";"57903";"incubation2";"m";6,24;"21198,6";15;30;"57902";"0";"11146,3333333333";0,516129032258065;6,25
"2025_D17_8";"D17_8";"2025";"57902";"incubation3";"f";0;"40252";7;30;"57903";"1,08";"33571";0,774193548387097;0,01
"2025_D17_8";"D17_8";"2025";"57903";"incubation3";"m";1,08;"33571";7;30;"57902";"0";"40252";0,774193548387097;1,09
"2025_D21_1";"D21_1";"2025";"50095";"incubation1";"f";4,43;"17013,7142857143";24;29;"50250";"0";"20575,6666666667";0,225806451612903;4,44
"2025_D21_1";"D21_1";"2025";"50250";"incubation1";"m";0;"20575,6666666667";24;29;"50095";"4,43";"17013,7142857143";0,225806451612903;0,01
"2025_D21_1";"D21_1";"2025";"50095";"incubation2";"f";0;"83596";15;29;"50250";"0,94";"28760,3333333333";0,516129032258065;0,01
"2025_D21_1";"D21_1";"2025";"50250";"incubation2";"m";0,94;"28760,3333333333";15;29;"50095";"0";"83596";0,516129032258065;0,95
"2025_D21_1";"D21_1";"2025";"50095";"incubation3";"f";0,3;"24311";6;29;"50250";"0";"54553,5";0,806451612903226;0,31
"2025_D21_1";"D21_1";"2025";"50250";"incubation3";"m";0;"54553,5";6;29;"50095";"0,3";"24311";0,806451612903226;0,01
"2025_D22_17";"D22_17";"2025";"59976";"incubation2";"f";0;"51030";13;28;"59941";"0";"38668,5";0,580645161290323;0,01
"2025_D22_17";"D22_17";"2025";"59941";"incubation2";"m";0;"38668,5";13;28;"59976";"0";"51030";0,580645161290323;0,01
"2025_D22_17";"D22_17";"2025";"59976";"incubation3";"f";0;"46459,5";5;28;"59941";"0";"46355,5";0,838709677419355;0,01
"2025_D22_17";"D22_17";"2025";"59941";"incubation3";"m";0;"46355,5";5;28;"59976";"0";"46459,5";0,838709677419355;0,01
"2025_J24_1";"J24_1";"2025";"59939";"incubation1";"f";9,26;"6652,4";23;29;"59954";"15,2";"10172,9";0,258064516129032;9,27
"2025_J24_1";"J24_1";"2025";"59954";"incubation1";"m";15,2;"10172,9";23;29;"59939";"9,26";"6652,4";0,258064516129032;15,21
"2025_J24_1";"J24_1";"2025";"59939";"incubation2";"f";1,81;"9871,85714285714";14;29;"59954";"3,91";"24473,8";0,548387096774194;1,82
"2025_J24_1";"J24_1";"2025";"59954";"incubation2";"m";3,91;"24473,8";14;29;"59939";"1,81";"9871,85714285714";0,548387096774194;3,92
"2025_J24_1";"J24_1";"2025";"59939";"incubation3";"f";0;"23783";5;29;"59954";"0";"71940,5";0,838709677419355;0,01
"2025_J24_1";"J24_1";"2025";"59954";"incubation3";"m";0;"71940,5";5;29;"59939";"0";"23783";0,838709677419355;0,01
"2025_K16_4";"K16_4";"2025";"58341";"incubation1";"f";12,44;"9161,71428571429";25;30;"57893";"12,84";"1525,94827586207";0,193548387096774;12,45
"2025_K16_4";"K16_4";"2025";"57893";"incubation1";"m";12,84;"1525,94827586207";25;30;"58341";"12,44";"9161,71428571429";0,193548387096774;12,85
"2025_K16_4";"K16_4";"2025";"58341";"incubation2";"f";0;"79151,5";16;30;"57893";"23,4";"16535,6";0,483870967741935;0,01
"2025_K16_4";"K16_4";"2025";"57893";"incubation2";"m";23,4;"16535,6";16;30;"58341";"0";"79151,5";0,483870967741935;23,41
"2025_K16_4";"K16_4";"2025";"58341";"incubation3";"f";0,94;"20635,8";7;30;"57893";"22,9";"11185,5";0,774193548387097;0,95
"2025_K16_4";"K16_4";"2025";"57893";"incubation3";"m";22,9;"11185,5";7;30;"58341";"0,94";"20635,8";0,774193548387097;22,91
"2025_K17_13";"K17_13";"2025";"55406";"incubation1";"f";0;"31781,6666666667";16;30;"50496";"8,25";"19914,25";0,483870967741935;0,01
"2025_K17_13";"K17_13";"2025";"50496";"incubation1";"m";8,25;"19914,25";16;30;"55406";"0";"31781,6666666667";0,483870967741935;8,26
"2025_K17_13";"K17_13";"2025";"55406";"incubation2";"f";0;"62605";7;30;"50496";"2,86";"18595,5";0,774193548387097;0,01
"2025_K17_13";"K17_13";"2025";"50496";"incubation2";"m";2,86;"18595,5";7;30;"55406";"0";"62605";0,774193548387097;2,87
"2025_K19_15_22cmplx";"K19_15_22cmplx";"2025";"48555";"incubation1";"f";0,75;"14771";26;31;"58337";"45,65";"1797,0303030303";0,161290322580645;0,76
"2025_K19_15_22cmplx";"K19_15_22cmplx";"2025";"58337";"incubation1";"m";45,65;"1797,0303030303";26;31;"48555";"0,75";"14771";0,161290322580645;45,66
"2025_K19_15_22cmplx";"K19_15_22cmplx";"2025";"48555";"incubation2";"f";41,19;"37507,75";16;31;"58337";"60,99";"24208";0,483870967741935;41,2
"2025_K19_15_22cmplx";"K19_15_22cmplx";"2025";"58337";"incubation2";"m";60,99;"24208";16;31;"48555";"41,19";"37507,75";0,483870967741935;61
"2025_K19_22";"K19_22";"2025";"55684";"incubation2";"f";8,86;"19089,1428571429";15;30;"58348";"23,01";"9319,85714285714";0,516129032258065;8,87
"2025_K19_22";"K19_22";"2025";"58348";"incubation2";"m";23,01;"9319,85714285714";15;30;"55684";"8,86";"19089,1428571429";0,516129032258065;23,02
"2025_K19_22";"K19_22";"2025";"55684";"incubation3";"f";4,3;"36881";7;30;"58348";"21,87";"16571,8";0,774193548387097;4,31
"2025_K19_22";"K19_22";"2025";"58348";"incubation3";"m";21,87;"16571,8";7;30;"55684";"4,3";"36881";0,774193548387097;21,88
"2025_K19_31";"K19_31";"2025";"57171";"incubation2";"f";64,54;"22243,75";12;28;"57208";"95,61";"15636,4";0,612903225806452;64,55
"2025_K19_31";"K19_31";"2025";"57208";"incubation2";"m";95,61;"15636,4";12;28;"57171";"64,54";"22243,75";0,612903225806452;95,62
"2025_K19_31";"K19_31";"2025";"57171";"incubation3";"f";0;"43604,5";5;28;"57208";"0";"39712,5";0,838709677419355;0,01
"2025_K19_31";"K19_31";"2025";"57208";"incubation3";"m";0;"39712,5";5;28;"57171";"0";"43604,5";0,838709677419355;0,01
"2025_K20_15";"K20_15";"2025";"50493";"incubation1";"f";0;"32472";14;28;"56605";"0,27";"20348,4";0,548387096774194;0,01
"2025_K20_15";"K20_15";"2025";"56605";"incubation1";"m";0,27;"20348,4";14;28;"50493";"0";"32472";0,548387096774194;0,28
"2025_K20_15";"K20_15";"2025";"50493";"incubation2";"f";0,66;"28198,25";5;28;"56605";"0";"22321";0,838709677419355;0,67
"2025_K20_15";"K20_15";"2025";"56605";"incubation2";"m";0;"22321";5;28;"50493";"0,66";"28198,25";0,838709677419355;0,01
"2025_K20_8";"K20_8";"2025";"56615";"incubation2";"f";0;"12575,4";14;29;"60007";"0";"31126,6";0,548387096774194;0,01
"2025_K20_8";"K20_8";"2025";"60007";"incubation2";"m";0;"31126,6";14;29;"56615";"0";"12575,4";0,548387096774194;0,01
"2025_K21_28";"K21_28";"2025";"59958";"incubation2";"f";4,34;"33440,6666666667";14;29;"59952";"0,42";"58774";0,548387096774194;4,35
"2025_K21_28";"K21_28";"2025";"59952";"incubation2";"m";0,42;"58774";14;29;"59958";"4,34";"33440,6666666667";0,548387096774194;0,43
"2025_K21_28";"K21_28";"2025";"59958";"incubation3";"f";0,51;"33150,3333333333";6;29;"59952";"1,22";"40558";0,806451612903226;0,52
"2025_K21_28";"K21_28";"2025";"59952";"incubation3";"m";1,22;"40558";6;29;"59958";"0,51";"33150,3333333333";0,806451612903226;1,23
"2025_K21_36";"K21_36";"2025";"57951";"incubation1";"f";0;"24922,4";14;29;"57863";"2,21";"28559,3333333333";0,548387096774194;0,01
"2025_K21_36";"K21_36";"2025";"57863";"incubation1";"m";2,21;"28559,3333333333";14;29;"57951";"0";"24922,4";0,548387096774194;2,22
"2025_K21_36";"K21_36";"2025";"57951";"incubation2";"f";0;"14216,8333333333";6;29;"57863";"1,45";"18730,2";0,806451612903226;0,01
"2025_K21_36";"K21_36";"2025";"57863";"incubation2";"m";1,45;"18730,2";6;29;"57951";"0";"14216,8333333333";0,806451612903226;1,46
"2025_K22_52";"K22_52";"2025";"60005";"incubation1";"f";0;"32110,6666666667";15;30;"58366";"0";"28689,6666666667";0,516129032258065;0,01
"2025_K22_52";"K22_52";"2025";"58366";"incubation1";"m";0;"28689,6666666667";15;30;"60005";"0";"32110,6666666667";0,516129032258065;0,01
"2025_K22_52";"K22_52";"2025";"60005";"incubation2";"f";0;"27053,3333333333";7;30;"58366";"0,7";"40983,6666666667";0,774193548387097;0,01
"2025_K22_52";"K22_52";"2025";"58366";"incubation2";"m";0,7;"40983,6666666667";7;30;"60005";"0";"27053,3333333333";0,774193548387097;0,71
"2025_K8";"K8";"2025";"55404";"incubation1";"f";2,99;"4973,71428571429";24;29;"44931";"9,41";"17164,2";0,225806451612903;3
"2025_K8";"K8";"2025";"44931";"incubation1";"m";9,41;"17164,2";24;29;"55404";"2,99";"4973,71428571429";0,225806451612903;9,42
"2025_K8";"K8";"2025";"55404";"incubation2";"f";7,35;"6797,53333333333";15;29;"44931";"13,61";"13417,5714285714";0,516129032258065;7,36
"2025_K8";"K8";"2025";"44931";"incubation2";"m";13,61;"13417,5714285714";15;29;"55404";"7,35";"6797,53333333333";0,516129032258065;13,62
"2025_K8";"K8";"2025";"55404";"incubation3";"f";4,73;"39276,3333333333";6;29;"44931";"0";"57675";0,806451612903226;4,74
"2025_K8";"K8";"2025";"44931";"incubation3";"m";0;"57675";6;29;"55404";"4,73";"39276,3333333333";0,806451612903226;0,01
"2025_W20";"W20";"2025";"59949";"incubation2";"f";0;"45306,5";14;29;"55422";"3,44";"26199,5";0,548387096774194;0,01
"2025_W20";"W20";"2025";"55422";"incubation2";"m";3,44;"26199,5";14;29;"59949";"0";"45306,5";0,548387096774194;3,45
"2025_W20";"W20";"2025";"59949";"incubation3";"f";0;"74908";6;29;"55422";"3,69";"34426";0,806451612903226;0,01
"2025_W20";"W20";"2025";"55422";"incubation3";"m";3,69;"34426";6;29;"59949";"0";"74908";0,806451612903226;3,7
"2025_W28N";"W28N";"2025";"26953";"incubation1";"f";0;"43992,3333333333";14;28;"59897";"0";"35073,5";0,548387096774194;0,01
"2025_W28N";"W28N";"2025";"59897";"incubation1";"m";0;"35073,5";14;28;"26953";"0";"43992,3333333333";0,548387096774194;0,01
"2025_W28N";"W28N";"2025";"26953";"incubation2";"f";0;"30049";5;28;"59897";"0";"45212";0,838709677419355;0,01
"2025_W28N";"W28N";"2025";"59897";"incubation2";"m";0;"45212";5;28;"26953";"0";"30049";0,838709677419355;0,01
"2025_W38A";"W38A";"2025";"46025";"incubation1";"f";0;"5747,26666666667";16;30;"59956";"3,64";"26925";0,483870967741935;0,01
"2025_W38A";"W38A";"2025";"59956";"incubation1";"m";3,64;"26925";16;30;"46025";"0";"5747,26666666667";0,483870967741935;3,65
"2025_W38A";"W38A";"2025";"46025";"incubation2";"f";0;"94195";7;30;"59956";"0";"42600";0,774193548387097;0,01
"2025_W38A";"W38A";"2025";"59956";"incubation2";"m";0;"42600";7;30;"46025";"0";"94195";0,774193548387097;0,01
"2025_W41J";"W41J";"2025";"44955";"incubation2";"f";0;"42112";14;29;"26975";"27,65";"40125,3333333333";0,548387096774194;0,01
"2025_W41J";"W41J";"2025";"26975";"incubation2";"m";27,65;"40125,3333333333";14;29;"44955";"0";"42112";0,548387096774194;27,66
"2025_W41J";"W41J";"2025";"44955";"incubation3";"f";0;"57682";6;29;"26975";"0";"44142";0,806451612903226;0,01
"2025_W41J";"W41J";"2025";"26975";"incubation3";"m";0;"44142";6;29;"44955";"0";"57682";0,806451612903226;0,01
"2025_Y23_1";"Y23_1";"2025";"60010";"incubation1";"f";13,47;"9866,55555555555";24;29;"43812";"13,25";"15683,8";0,225806451612903;13,48
"2025_Y23_1";"Y23_1";"2025";"43812";"incubation1";"m";13,25;"15683,8";24;29;"60010";"13,47";"9866,55555555555";0,225806451612903;13,26
"2025_Y23_1";"Y23_1";"2025";"60010";"incubation3";"f";0;"34106";6;29;"43812";"0,42";"49799";0,806451612903226;0,01
"2025_Y23_1";"Y23_1";"2025";"43812";"incubation3";"m";0,42;"49799";6;29;"60010";"0";"34106";0,806451612903226;0,43
