"";"Nest";"Season";"ID1";"ID2";"Similarity_Index";"Pair_status";"Similarity_Index_Head";"Similarity_Index_Tarsus"
"1";"10";2014;44965;"48530";0,527108504953538;"New";0,181365356641333;0,86202836696775
"2";"10";2017;44965;"48530";0,527108504953538;"Old";0,181365356641333;0,86202836696775
"3";"10";2018;44965;"50132";0,527108504953538;"New";0,811084313071078;0,448113467871004
"4";"101";2014;48567;"48575";0,645331378715154;"Old";0,811084313071074;0,793042550451626
"5";"101";2016;48567;"48575";0,645331378715154;"Old";0,811084313071074;0,793042550451626
"6";"101";2017;48567;"50161";0,68473900330236;"New";0,552199853205516;0,488993951732415
"7";"101";2018;48567;"50161";0,68473900330236;"Old";0,552199853205516;0,488993951732415
"8";"101";2019;48567;"50161";0,68473900330236;"Old";0,552199853205516;0,488993951732415
"9";"101";2020;48567;"50161";0,68473900330236;"Old";0,552199853205516;0,488993951732415
"10";"101";2021;48567;"50161";0,68473900330236;"Old";0,552199853205516;0,488993951732415
"11";"101";2022;48567;"50161";0,68473900330236;"Old";0,552199853205516;0,488993951732415
"12";"101";2023;48567;"50161";0,68473900330236;"Old";0,552199853205516;0,488993951732415
"13";"101";2024;48567;"50161";0,68473900330236;"Old";0,552199853205516;0,488993951732415
"14";"101";2025;48567;"50161";0,68473900330236;"Old";0,552199853205516;0,488993951732415
"15";"105B";2014;44898;"48534";0,763554252476769;"New";1;NA
"16";"105B_2011";2011;43809;"43818";0,763554252476769;"Old";0;NA
"17";"106";2006;31203;"35946";0,527108504953538;"New";0,118393460998357;0
"18";"106A";2005;35970;"35976";0,290662757430308;"Old";0,43325293921323;0,540094556559171
"19";"10A";2020;55461;"55700";0,172439883668692;"New";0;0
"20";"10A";2022;55461;"55700";0,172439883668692;"Old";0;0
"21";"10B";2021;55699;"57165";0;"New";0;0
"22";"113_1";2014;26783;"48555";0;"Old";0,307309147927279;1
"23";"113_10";2015;50201;"50207";0,527108504953538;"Old";0,118393460998357;0,770047278279586
"24";"113_10";2017;50201;"50495";1;"New";0,685140521785127;0,356132379182841
"25";"113_10";2018;50135;"50495";0,645331378715154;"New";0;0
"26";"113_10";2019;50135;"50495";0,645331378715154;"Old";0;0
"27";"113_10";2020;50135;"56613";0,290662757430308;"New";0;0
"28";"113_10";2021;50135;"56613";0,290662757430308;"Old";0;0
"29";"113_10";2022;50135;"57918";0,290662757430308;"New";0;0,356132379182841
"30";"113_10";2023;50135;"60006";0,527108504953538;"New";0;0,294811653390727
"31";"113_10";2024;50135;"60006";0,527108504953538;"Old";0;0,294811653390727
"32";"113_10";2025;50135;"60006";0,527108504953538;"Old";0;0,294811653390727
"33";"113_1A";2015;41265;"46032";0,763554252476769;"New";0;0,770047278279586
"34";"113_1A";2019;50244;"55439";0;"Old";NA;NA
"35";"113_1A";2020;50244;"55439";0;"Old";NA;NA
"36";"113_1A";2021;50244;"55439";0;"Old";NA;NA
"37";"113_1A";2022;50244;"55439";0;"Old";NA;NA
"38";"113_1A";2023;50244;"55439";0;"Old";NA;NA
"39";"113_1A";2024;50244;"55439";0;"Old";NA;NA
"40";"113_1A";2025;50244;"55439";0;"Old";NA;NA
"41";"113_41";2015;44892;"46155";0,00692786040243343;"New";0,332497906184469;0,512500229952724
"42";"113_41";2017;44892;"46155";0,00692786040243343;"Old";0,332497906184469;0,512500229952724
"43";"113_41";2018;44892;"46155";0,00692786040243343;"Old";0,332497906184469;0,512500229952724
"44";"113_41";2019;44892;"46155";0,00692786040243343;"Old";0,332497906184469;0,512500229952724
"45";"113_41";2020;44892;"46155";0,00692786040243343;"Old";0,332497906184469;0,512500229952724
"46";"113_41";2021;44892;"46155";0,00692786040243343;"Old";0,332497906184469;0,512500229952724
"47";"113_41";2022;44892;"46155";0,00692786040243343;"Old";0,332497906184469;0,512500229952724
"48";"113_41";2023;44892;"46155";0,00692786040243343;"Old";0,332497906184469;0,512500229952724
"49";"113_41";2024;44892;"46155";0,00692786040243343;"Old";0,332497906184469;0,512500229952724
"50";"113_41";2025;44892;"46155";0,00692786040243343;"Old";0,332497906184469;0,512500229952724
"51";"113_7";2014;46160;"46167";0,290662757430308;"Old";0;NA
"52";"113_9";2017;46168;"50170";0,290662757430308;"New";0;0
"53";"11_1";2011;43747;"45063";0,763554252476769;"Old";0,811084313071078;NA
"54";"11_12";2012;44894;"44991";0;"Old";0;NA
"55";"11_12A";2012;44908;"44928";1;"Old";0,559196730499181;NA
"56";"11_12C";2012;44983;"45064";0;"Old";0,055421565355382;NA
"57";"11_14A";2011;43893;"43898";0;"Old";0;NA
"58";"11_16";2011;29621;"43710";0;"Old";0,622168626142152;NA
"59";"11_16";2012;29621;"43710";0;"Old";0,622168626142152;NA
"60";"11_17";2014;26955;"48414";0,527108504953538;"Old";0;NA
"61";"11_18";2011;43846;"43861";0,763554252476769;"Old";0;NA
"62";"11_18";2012;43846;"43861";0,763554252476769;"Old";0;NA
"63";"11_18";2014;43846;"43861";0,763554252476769;"Old";0;NA
"64";"11_25";2012;43758;"43759";0,172439883668692;"Old";0;NA
"65";"11_25A";2011;43758;"43759";0,172439883668692;"Old";0;NA
"66";"11_25A";2014;43759;"46104";1;"New";0,685140521785127;NA
"67";"11_26";2012;44993;"46016";0,763554252476769;"Old";0;NA
"68";"11_26";2014;46016;"48529";0;"New";0;0,678066189591422
"69";"11_26";2017;46016;"48529";0;"Old";0;0,678066189591422
"70";"11_26";2018;48529;"50131";0;"New";0;0,806839713754851
"71";"11_26A";2011;43791;"43896";0,0542170099070769;"Old";0,874056208714054;NA
"72";"11_26A";2012;43791;"43896";0,0542170099070769;"Old";0,874056208714054;NA
"73";"11_26A";2014;43791;"43896";0,0542170099070769;"Old";0,874056208714054;NA
"74";"11_27";2012;43837;"44964";0,527108504953538;"New";0;NA
"75";"11_27A";2011;43790;"43832";0;"Old";0;NA
"76";"11_28";2012;44924;"44925";0,574397654458189;"Old";0,197738049508508;0
"77";"11_28";2014;44924;"44925";0,574397654458189;"Old";0,197738049508508;0
"78";"11_28";2017;44924;"44925";0,574397654458189;"Old";0,197738049508508;0
"79";"11_28";2018;44924;"44925";0,574397654458189;"Old";0,197738049508508;0
"80";"11_28";2021;44924;"44925";0,574397654458189;"Old";0,197738049508508;0
"81";"11_3";2012;26517;"44990";0,763554252476769;"Old";0,055421565355382;NA
"82";"11_30_22";2011;43877;"45007";0;"Old";0;NA
"83";"11_34";2011;35916;"43866";0,527108504953538;"Old";0,496224834856205;NA
"84";"11_36";2011;38916;"43841";0;"Old";0;0
"85";"11_36";2012;38916;"43841";0;"Old";0;0
"86";"11_36";2014;38916;"43841";0;"Old";0;0
"87";"11_36";2017;43841;"50499";0,0542170099070769;"New";0;0
"88";"11_40";2011;38918;"43867";0;"Old";0,165622382730586;0,413620559612941
"89";"11_40";2012;38918;"43867";0;"Old";0,165622382730586;0,413620559612941
"90";"11_40";2014;38918;"43867";0;"Old";0,165622382730586;0,413620559612941
"91";"11_40";2015;38918;"43867";0;"Old";0,165622382730586;0,413620559612941
"92";"11_42";2011;43857;"48942";0;"Old";0,874056208714054;NA
"93";"11_43";2011;29764;"43004";0,527108504953538;"Old";0,43325293921323;0,540094556559171
"94";"11_43";2012;29764;"43004";0,527108504953538;"Old";0,43325293921323;0,540094556559171
"95";"11_43";2014;43004;"45044";0,881777126238385;"New";0,874056208714054;0,0341985687742594
"96";"11_44";2011;43843;"43858";0;"Old";0;NA
"97";"11_45";2011;43844;"43874";0,527108504953538;"Old";0;0,264151290494674
"98";"11_46";2011;43849;"43871";0,527108504953538;"Old";0;NA
"99";"11_46";2012;43849;"43871";0,527108504953538;"Old";0;NA
"100";"11_48prim";2012;43850;"46014";0,290662757430308;"Old";0;NA
"101";"11_50";2011;43853;"43872";0,527108504953538;"Old";0;NA
"102";"11_50";2012;43853;"43872";0,527108504953538;"Old";0;NA
"103";"11_51A";2014;46102;"48561";0,527108504953538;"Old";0;0
"104";"11_52";2011;43865;"43870";1;"Old";0;NA
"105";"11_53";2011;43856;"43873";1;"Old";0;NA
"106";"11_53";2012;43856;"43873";1;"Old";0;NA
"107";"11_53";2014;43873;"48559";0;"New";0;0,908018911311833
"108";"11_54";2011;43852;"43863";0,645331378715154;"Old";0,370281043570259;NA
"109";"11_54";2012;43852;"43863";0,645331378715154;"Old";0,370281043570259;NA
"110";"11_55";2012;43851;"44892";0,763554252476769;"New";0;NA
"111";"11_57";2011;31262;"43845";0,527108504953538;"Old";0;NA
"112";"11_58";2011;26859;"38962";0;"Old";0,937028104357025;0
"113";"11_58";2012;26859;"38962";0;"Old";0,937028104357025;0
"114";"11_58";2014;26859;"46169";0,527108504953538;"New";0;NA
"115";"11_58";2016;26859;"26937";0;"New";0;0,448113467871008
"116";"11_58";2017;26859;"26937";0;"Old";0;0,448113467871008
"117";"11_58";2018;26937;"55405";0,337951906934954;"New";0;0
"118";"11_58";2019;26937;"55405";0,337951906934954;"Old";0;0
"119";"11_58";2020;26937;"55405";0,337951906934954;"Old";0;0
"120";"11_58";2021;26937;"55405";0,337951906934954;"Old";0;0
"121";"11_58";2022;26937;"55405";0,337951906934954;"Old";0;0
"122";"11_58";2023;58336;"58338";0;"Old";0;0
"123";"11_58";2024;58336;"58338";0;"Old";0;0
"124";"11_58";2025;58336;"58338";0;"Old";0;0
"125";"11_59";2011;43848;"43883";0,527108504953538;"Old";0,496224834856205;0,494104012215088
"126";"11_61";2012;46012;"46018";0,290662757430308;"Old";0,370281043570255;NA
"127";"11_63";2011;43882;"43885";0,0542170099070769;"Old";0,244337252284304;0,448113467871008
"128";"11_66";2011;26625;"26818";0,763554252476769;"Old";0,748112417428103;NA
"129";"11_67";2011;43878;"43886";0;"Old";0,685140521785127;0,540094556559171
"130";"11_68";2011;29540;"45013";0,290662757430311;"Old";0;0,862028366967753
"131";"11_68";2012;29540;"45013";0,290662757430311;"Old";0;0,862028366967753
"132";"11_68";2014;29540;"45013";0,290662757430311;"Old";0;0,862028366967753
"133";"11_68";2015;45013;"50214";0,408885631191923;"New";0,527710782677691;0,793042550451626
"134";"11_68";2016;45013;"50214";0,408885631191923;"Old";0,527710782677691;0,793042550451626
"135";"11_69";2011;26845;"43860";0,0542170099070769;"Old";0;NA
"136";"11_69";2012;26845;"43860";0,0542170099070769;"Old";0;NA
"137";"11_7";2019;26955;"55462";0;"New";0;0
"138";"11_7";2020;26955;"55462";0;"Old";0;0
"139";"11_7";2021;26955;"55462";0;"Old";0;0
"140";"11_7";2022;55462;"57905";0,527108504953538;"New";0;0
"141";"11_70";2011;43859;"43884";0,527108504953538;"Old";0,811084313071078;NA
"142";"11_73";2011;31233;"31271";1;"Old";0;NA
"143";"11_73";2012;31233;"31271";1;"Old";0;NA
"144";"11_75";2018;10905;"55403";0;"Old";0;NA
"145";"11_77";2011;45001;"45012";0,763554252476769;"Old";0;NA
"146";"11_78";2011;43895;"45002";0,527108504953538;"Old";0,559196730499181;NA
"147";"11_78";2012;43895;"45002";0,527108504953538;"Old";0,559196730499181;NA
"148";"11_79";2014;43876;"48578";0,763554252476769;"New";0,244337252284304;NA
"149";"11_79";2025;43876;"61537";0;"New";0;0
"150";"11_8";2012;43032;"44988";0,527108504953538;"New";0,559196730499181;NA
"151";"11_8";2014;43032;"48528";0,763554252476769;"New";0,118393460998353;NA
"152";"11_8";2016;43032;"50232";0;"Old";0;0,0250004599054446
"153";"11_8";2017;43032;"50232";0;"Old";0;0,0250004599054446
"154";"11_8";2019;43032;"50232";0;"Old";0;0,0250004599054446
"155";"11_8";2020;43032;"50232";0;"Old";0;0,0250004599054446
"156";"11_8";2022;43032;"50232";0;"Old";0;0,0250004599054446
"157";"11_8";2024;43032;"59972";1;"New";0;0,908018911311833
"158";"11_80";2017;43839;"50488";1;"Old";0;0,908018911311833
"159";"11_81";2012;44901;"44926";0,0542170099070769;"Old";0,874056208714049;NA
"160";"12_10";2012;44863;"46022";0,527108504953538;"Old";0,622168626142156;NA
"161";"12_12";2012;45068;"45199";0,763554252476769;"Old";0;NA
"162";"12_16";2012;46006;"46020";0,527108504953538;"Old";0,181365356641333;NA
"163";"12_16";2014;46020;"46151";0;"New";0,874056208714049;NA
"164";"12_16";2016;50259;"50301";0,172439883668692;"Old";0,527710782677691;0,126179657462426
"165";"12_16";2017;50259;"50301";0,172439883668692;"Old";0,527710782677691;0,126179657462426
"166";"12_16";2018;50138;"50259";0;"New";0;0
"167";"12_16";2019;50138;"50259";0;"Old";0;0
"168";"12_16";2020;50138;"50259";0;"Old";0;0
"169";"12_16";2021;50138;"50189";0;"New";0;0,356132379182841
"170";"12_16";2022;50138;"50259";0;"Old";0;0
"171";"12_16";2023;50138;"50259";0;"Old";0;0
"172";"12_16";2024;50138;"59948";0,172439883668692;"New";0;0
"173";"12_16";2025;50138;"59948";0,172439883668692;"Old";0;0
"174";"12_17";2014;46157;"48538";0;"Old";0;NA
"175";"12_18";2012;46021;"46023";0,527108504953538;"Old";0,307309147927279;NA
"176";"12_19";2012;43727;"43780";0,290662757430308;"Old";0;NA
"177";"12_2";2012;43031;"44989";0;"Old";0;NA
"178";"12_20";2011;43731;"43751";0,36947800660472;"Old";0;NA
"179";"12_20";2012;43731;"43751";0,36947800660472;"Old";0;NA
"180";"12_20";2014;43731;"43751";0,36947800660472;"Old";0;NA
"181";"12_21";2012;43784;"45020";0,645331378715154;"Old";0,496224834856205;NA
"182";"12_21";2014;43784;"45020";0,645331378715154;"Old";0,496224834856205;NA
"183";"12_23";2012;46010;"46017";0;"Old";0,118393460998357;NA
"184";"12_24";2012;26784;"46011";0,0542170099070769;"Old";0,937028104357025;NA
"185";"12_26";2014;48545;"48566";0,172439883668692;"Old";0,149879408819847;0,471108740043045
"186";"12_26";2016;48545;"48566";0,172439883668692;"Old";0,149879408819847;0,471108740043045
"187";"12_26";2017;50160;"50174";0,763554252476769;"Old";0;0,724056733935502
"188";"12_26_2012";2012;46019;"46024";0,527108504953538;"Old";0,874056208714049;NA
"189";"12_3";2012;44966;"44967";0,290662757430308;"Old";0;NA
"190";"12_3A";2012;44994;"46003";0,290662757430308;"Old";0,622168626142152;NA
"191";"12_4A";2012;44997;"46002";0,290662757430308;"Old";0;NA
"192";"12_5";2012;44992;"46008";0,763554252476769;"Old";0,496224834856201;NA
"193";"12_6";2012;26636;"43848";0;"Old";0,307309147927279;0
"194";"12_6";2014;26636;"43848";0;"Old";0,307309147927279;0
"195";"12_6";2017;26636;"43848";0;"Old";0,307309147927279;0
"196";"12_6";2019;26636;"55451";0,763554252476769;"New";0,370281043570255;0,0801891131183429
"197";"12_9";2012;45044;"46005";0,763554252476769;"Old";0,811084313071078;NA
"198";"14";2002;29608;"29650";0,290662757430308;"Old";NA;NA
"199";"14";2005;26561;"26563";1;"Old";0;0
"200";"14_10K";2014;48537;"48553";0,290662757430308;"Old";0,811084313071074;NA
"201";"14_10M";2014;48546;"48568";0,763554252476769;"Old";0,527710782677687;0,678066189591422
"202";"14_10M";2016;48546;"48568";0,763554252476769;"Old";0,527710782677687;0,678066189591422
"203";"14_10M";2019;50225;"50275";0,172439883668692;"New";0;0
"204";"14_10M";2020;50225;"50275";0,172439883668692;"Old";0;0
"205";"14_10M";2022;50225;"50275";0,172439883668692;"Old";0;0
"206";"14_10M";2023;50225;"50275";0,172439883668692;"Old";0;0
"207";"14_10M";2024;50225;"50275";0,172439883668692;"Old";0;0
"208";"14_10M";2025;50225;"50275";0,172439883668692;"Old";0;0
"209";"14_11K";2014;26868;"48382";0,290662757430308;"Old";0,937028104357025;NA
"210";"14_11M";2014;26630;"48542";0;"Old";0;NA
"211";"14_12K";2014;26857;"31288";0,763554252476769;"Old";NA;NA
"212";"14_12M";2014;48556;"48576";0,763554252476769;"Old";0,055421565355382;NA
"213";"14_12M";2016;48556;"50096";0,763554252476769;"New";0,496224834856205;0,816037822623669
"214";"14_13K(K4)";2014;46030;"48543";0,0542170099070769;"Old";0,685140521785127;NA
"215";"14_15K(K6A)";2014;48573;"48577";0,0542170099070769;"Old";0;NA
"216";"14_16K";2014;26854;"48539";0,527108504953538;"Old";0;NA
"217";"14_17K";2014;48544;"48565";0;"Old";0;NA
"218";"14_18K";2014;26929;"48572";0;"Old";0,811084313071078;NA
"219";"14_18K";2015;43004;"45044";0,881777126238385;"Old";0;0,0341985687742594
"220";"14_18K";2017;43004;"50468";0,290662757430308;"New";0,0764121972363723;0
"221";"14_18K";2018;43004;"50468";0,290662757430308;"Old";0,0764121972363723;0
"222";"14_18K";2019;43004;"50468";0,290662757430308;"Old";0,0764121972363723;0
"223";"14_19K";2014;48523;"48533";0,527108504953538;"Old";0;NA
"224";"14_1D";2014;48526;"48548";0;"Old";0;0,816037822623669
"225";"14_1D";2017;48548;"50460";0;"New";0;0,17217020180651
"226";"14_1D";2018;48548;"50460";0;"Old";0;0,17217020180651
"227";"14_1K";2014;43769;"48509";0;"Old";0,685140521785127;NA
"228";"14_20K";2014;43031;"44989";0;"Old";0;NA
"229";"14_21K";2014;48535;"48551";0,0542170099070769;"Old";0;NA
"230";"14_22K";2014;35992;"48554";0,763554252476769;"Old";0,559196730499177;NA
"231";"14_24K";2015;50203;"50216";0,408885631191923;"Old";0;0
"232";"14_24K";2017;50203;"50216";0,408885631191923;"Old";0;0
"233";"14_24K";2019;50203;"55445";0,763554252476769;"New";0,685140521785127;0,632075645247338
"234";"14_24K";2020;50203;"55445";0,763554252476769;"Old";0,685140521785127;0,632075645247338
"235";"14_24K";2021;55445;"57174";0,211847508255895;"New";0;0
"236";"14_24K";2022;55445;"57174";0,211847508255895;"Old";0;0
"237";"14_24K";2023;55445;"57174";0,211847508255895;"Old";0;0
"238";"14_2M";2014;48521;"48550";0,243373607925661;"Old";0,609574247013555;0,337736161445205
"239";"14_2M";2017;48521;"48550";0,243373607925661;"Old";0,609574247013555;0,337736161445205
"240";"14_2M";2019;48521;"48550";0,243373607925661;"Old";0,609574247013555;0,337736161445205
"241";"14_2M";2020;48521;"48550";0,243373607925661;"Old";0,609574247013555;0,337736161445205
"242";"14_2M";2021;48521;"48550";0,243373607925661;"Old";0,609574247013555;0,337736161445205
"243";"14_2M";2024;48521;"59971";0,527108504953538;"New";0,685140521785127;0,908018911311833
"244";"14_3";2014;48408;"48413";1;"Old";0,622168626142156;NA
"245";"14_3DA";2014;48549;"48579";0;"Old";0,811084313071078;NA
"246";"14_4";2014;48405;"48420";0,763554252476769;"Old";0;NA
"247";"14_4K";2014;46173;"48520";0;"Old";0;NA
"248";"14_5";2014;48406;"48407";0,0542170099070769;"Old";0;NA
"249";"14_5A";2014;48421;"48424";0,290662757430308;"Old";0,055421565355382;NA
"250";"14_5B";2014;48425;"48427";0,763554252476769;"Old";0;NA
"251";"14_5D";2014;46012;"46018";0,290662757430308;"Old";0,622168626142152;NA
"252";"14_5K";2014;43707;"48558";0,527108504953538;"Old";0,748112417428098;NA
"253";"14_6";2014;35972;"48409";0,527108504953538;"Old";0;NA
"254";"14_6D";2014;26839;"48540";0;"Old";0;NA
"255";"14_6K";2014;48512;"48518";0,408885631191923;"Old";0,43325293921323;0,908018911311836
"256";"14_6K";2015;48512;"48518";0,408885631191923;"Old";0,43325293921323;0,908018911311836
"257";"14_6K";2017;48518;"50154";0,645331378715154;"New";0,826827286981821;0
"258";"14_6K";2018;48518;"50154";0,645331378715154;"Old";0,826827286981821;0
"259";"14_6K";2019;48518;"50154";0,645331378715154;"Old";0,826827286981821;0
"260";"14_6K";2020;48518;"50154";0,645331378715154;"Old";0,826827286981821;0
"261";"14_6K";2021;50154;"57147";0,290662757430308;"New";0;0
"262";"14_6K";2022;57147;"57169";0,527108504953538;"New";0;0,908018911311836
"263";"14_6M";2014;48524;"48532";1;"Old";0,748112417428103;NA
"264";"14_7K";2014;48514;"48517";0,527108504953538;"Old";0,055421565355382;NA
"265";"14_8K(W11)";2014;43027;"48513";0,0542170099070769;"Old";0;NA
"266";"14_8M";2014;48511;"48519";0,0542170099070769;"Old";0;NA
"267";"14_9M";2014;48536;"48552";0,527108504953538;"Old";0,748112417428103;NA
"268";"16A";2014;44922;"48571";0,763554252476769;"Old";0;NA
"269";"19";2005;35952;"35977";0,172439883668692;"Old";0;0
"270";"19";2006;35952;"35977";0,172439883668692;"Old";0;0
"271";"19";2007;35952;"35977";0,172439883668692;"Old";0;0
"272";"2";2005;35973;"35985";0,527108504953538;"Old";1;0,724056733935506
"273";"2001_16";2001;29607;"29653";0,527108504953538;"Old";NA;0
"274";"2002_13";2002;29646;"29690";0,0542170099070769;"Old";NA;0
"275";"2002_17";2002;29602;"29621";0,763554252476769;"Old";NA;0,17217020180651
"276";"2002_5";2002;29773;"29780";0;"Old";0,433252939213226;0,908018911311833
"277";"2005_15";2005;26541;"26542";0,527108504953538;"Old";0,622168626142152;0,908018911311833
"278";"2005_17";2005;35969;"35972";0,408885631191923;"Old";0,307309147927279;0,356132379182837
"279";"2005_5";2005;35943;"35950";1;"Old";0;0,264151290494674
"280";"2005_9";2005;26535;"26540";0;"Old";0;0,632075645247338
"281";"2006_01v";2006;35912;"38949";0,0542170099070769;"Old";0,559196730499181;0,724056733935502
"282";"2006_03v";2006;38902;"38952";0;"Old";0,496224834856205;0,0801891131183429
"283";"2006_05v";2006;36000;"38927";0,290662757430308;"Old";0,811084313071078;0
"284";"2006_06v";2006;35919;"38938";0,290662757430308;"Old";0;0
"285";"2006_17";2006;35969;"35972";0,408885631191923;"Old";0;0,816037822623669
"286";"2007_13";2007;26523;"26750";0;"Old";0,874056208714049;NA
"287";"2014_16";2014;48504;"48563";0;"Old";0;NA
"288";"22";2002;29506;"29799";0;"Old";0,291566174016532;0,701061461763462
"289";"22";2005;29506;"29799";0;"Old";0,291566174016532;0,701061461763462
"290";"22";2006;29506;"29799";0;"Old";0,291566174016532;0,701061461763462
"291";"22";2014;29506;"29799";0;"Old";0,291566174016532;0,701061461763462
"292";"24";2005;35945;"35966";0,527108504953538;"Old";0;0
"293";"24";2006;35945;"35966";0,527108504953538;"Old";0;0
"294";"24";2012;35945;"44907";0,408885631191923;"New";0;NA
"295";"24";2014;35945;"44907";0,408885631191923;"Old";0;NA
"296";"25B";2005;35941;"35944";0,881777126238385;"Old";0,559196730499177;0,356132379182841
"297";"25B";2006;35941;"35944";0,881777126238385;"Old";0,559196730499177;0,356132379182841
"298";"26";2005;35989;"35994";0,763554252476769;"Old";0,559196730499177;0,632075645247338
"299";"28";2005;35979;"35988";1;"Old";1;0,816037822623669
"300";"28_2001";2001;29764;"29765";0,0542170099070769;"Old";NA;0,264151290494674
"301";"2A";2006;31216;"35939";0,763554252476769;"New";0;0,908018911311833
"302";"2A";2024;59950;"59980";0,290662757430308;"Old";0;0,448113467871004
"303";"3";2002;29767;"29777";0;"Old";0;0,494104012215088
"304";"3";2004;29767;"29777";0;"Old";0;0,494104012215088
"305";"3";2005;29767;"29777";0;"Old";0;0,494104012215088
"306";"3";2006;29767;"29777";0;"Old";0;0,494104012215088
"307";"3";2011;29777;"35907";0;"New";0;0,816037822623669
"308";"3";2012;29777;"35907";0;"Old";0;0,816037822623669
"309";"3";2014;29777;"35907";0;"Old";0;0,816037822623669
"310";"32";2005;35949;"35955";0,881777126238385;"Old";0,244337252284304;0
"311";"32";2006;35949;"35955";0,881777126238385;"Old";0,244337252284304;0
"312";"35";2006;35947;"35959";0;"Old";0,43325293921323;0,816037822623666
"313";"35A";2011;43802;"43840";0,763554252476769;"Old";0,748112417428103;NA
"314";"35A";2012;43802;"43840";0,763554252476769;"Old";0,748112417428103;NA
"315";"37";2012;44954;"44987";0,763554252476769;"Old";1;NA
"316";"37_2001";2001;29603;"29694";0,527108504953538;"Old";0,307309147927279;0,172170201806507
"317";"39";2005;35957;"35958";0;"Old";0,370281043570255;1
"318";"39";2006;31243;"35958";0,527108504953538;"New";0,244337252284304;0,540094556559171
"319";"39";2014;31243;"35958";0,527108504953538;"Old";0,244337252284304;0,540094556559171
"320";"4";2002;29772;"29779";0,0542170099070769;"Old";0,811084313071078;0
"321";"42";2005;26530;"26537";0;"Old";0;0,908018911311833
"322";"42";2006;35951;"35986";0;"Old";0;0,17217020180651
"323";"42(krÃ³tkie)";2005;35951;"35986";0;"Old";0,937028104357029;0,724056733935502
"324";"44";2014;46101;"46154";0,290662757430308;"Old";0;NA
"325";"44_2006";2006;31202;"31205";0,0542170099070769;"Old";0,685140521785127;0
"326";"45";2011;43900;"45006";0,763554252476769;"Old";0,937028104357025;NA
"327";"46";2006;31242;"31248";0;"Old";0,433252939213226;0,632075645247338
"328";"46_2001";2001;29646;"29690";0,0542170099070769;"Old";NA;0
"329";"48";2001;29609;"29763";0,763554252476769;"Old";NA;0
"330";"51";2014;29774;"29781";0,0542170099070769;"Old";0,370281043570255;0,908018911311836
"331";"51N";2006;35974;"35983";0,763554252476769;"Old";0,370281043570255;0
"332";"51N";2015;35983;"50206";0,290662757430308;"New";0;0,402122923526924
"333";"51N";2016;35983;"50206";0,290662757430308;"Old";0;0,402122923526924
"334";"51O";2006;29774;"31201";0,0542170099070769;"Old";0,055421565355382;0,264151290494674
"335";"56";2005;35971;"35978";0,763554252476769;"Old";0;0,678066189591422
"336";"56";2006;35971;"35978";0,763554252476769;"Old";0;0,678066189591422
"337";"57";2001;29601;"29645";0,763554252476769;"Old";NA;0,448113467871004
"338";"5A";2005;35975;"35982";0,290662757430308;"Old";0,370281043570255;0,908018911311836
"339";"61";2001;29602;"29621";0,763554252476769;"Old";NA;0,17217020180651
"340";"64";2001;29606;"29647";0;"Old";0;0,448113467871004
"341";"65";2001;29608;"29650";0,290662757430308;"Old";NA;NA
"342";"68";2001;29610;"29691";0,0542170099070769;"Old";NA;0,264151290494674
"343";"70";2001;29612;"29651";0,0542170099070769;"Old";NA;NA
"344";"71";2001;29619;"29648";1;"Old";NA;0
"345";"83";2011;35952;"35977";0,172439883668692;"New";0;0
"346";"83";2012;35952;"35977";0,172439883668692;"Old";0;0
"347";"83B";2017;50323;"50469";1;"New";1;0,448113467871004
"348";"83N";2017;50313;"50462";0,0542170099070769;"New";0;0
"349";"83N";2019;50462;"55442";0;"New";0;0
"350";"83N";2020;50462;"55442";0;"Old";0;0
"351";"83N";2021;55442;"57164";0;"New";0,0428271862267851;0,337736161445205
"352";"83N";2022;55442;"57164";0;"Old";0,0428271862267851;0,337736161445205
"353";"83N";2023;55442;"57164";0;"Old";0,0428271862267851;0,337736161445205
"354";"83N";2024;55442;"57164";0;"Old";0,0428271862267851;0,337736161445205
"355";"83N";2025;55442;"57164";0;"Old";0,0428271862267851;0,337736161445205
"356";"83NA";2017;50457;"50470";0,605923754127951;"Old";0,055421565355382;0,570754919455225
"357";"83NA";2020;50457;"50470";0,605923754127951;"Old";0,055421565355382;0,570754919455225
"358";"83NA";2021;50457;"50470";0,605923754127951;"Old";0,055421565355382;0,570754919455225
"359";"83NA";2025;61536;"61539";0;"Old";0;0
"360";"87";2012;44940;"45000";0;"Old";0,937028104357025;NA
"361";"87A";2012;44911;"44912";0;"Old";0;NA
"362";"87A";2014;44911;"44912";0;"Old";0;NA
"363";"87B";2014;48435;"48437";1;"Old";0,874056208714054;NA
"364";"87C";2014;48436;"48439";0,763554252476769;"Old";0,559196730499177;NA
"365";"88";2014;35952;"35977";0,172439883668692;"Old";0,43325293921323;0
"366";"88";2025;50469;"61547";0,0542170099070769;"Old";0,622168626142152;0,908018911311833
"367";"A20_1";2020;50162;"55691";0;"Old";0,149879408819843;0
"368";"A20_1";2021;50162;"55691";0;"Old";0,149879408819843;0
"369";"A20_1";2024;55691;"59944";0,763554252476769;"New";0,527710782677691;0,172170201806507
"370";"A20_1";2025;55691;"59944";0,763554252476769;"Old";0,527710782677691;0,172170201806507
"371";"A20_3";2021;57145;"57146";0,527108504953538;"Old";0,118393460998357;1
"372";"A20_3";2022;57145;"57909";0,0542170099070769;"New";0,937028104357025;0,816037822623669
"373";"A20_3";2024;57909;"59978";0;"New";0;0
"374";"A20_3";2025;57909;"59978";0;"Old";0;0
"375";"A20_4";2020;50276;"56618";0,881777126238385;"Old";0,244337252284304;0,402122923526918
"376";"A20_4";2021;50276;"56618";0,881777126238385;"Old";0,244337252284304;0,402122923526918
"377";"A20_4";2022;56618;"57906";0;"New";0;0
"378";"A20_4";2023;56618;"57906";0;"Old";0;0
"379";"A20_4";2024;56618;"57906";0;"Old";0;0
"380";"A20_4";2025;57906;"61573";0;"New";0,685140521785127;0
"381";"A21_1";2021;57177;"57187";1;"Old";0;0
"382";"Ap";2005;35940;"35956";0,763554252476769;"Old";0,811084313071078;0
"383";"Ap";2006;31238;"38909";0,763554252476769;"Old";0,937028104357025;0
"384";"B";2006;31218;"31233";0,290662757430308;"Old";0;0
"385";"B11";2009;41251;"41254";0,881777126238385;"Old";0,937028104357025;NA
"386";"C20";2009;41252;"41255";0;"Old";0;NA
"387";"D15_10";2015;38009;"50205";0;"Old";0;0
"388";"D15_10";2019;50148;"50205";0,290662757430308;"Old";0,055421565355382;0,632075645247338
"389";"D15_11";2016;50070;"50230";0,211847508255898;"New";0,678143644491462;0
"390";"D15_11";2017;50070;"50230";0,211847508255898;"Old";0,678143644491462;0
"391";"D15_11";2018;50070;"50230";0,211847508255898;"Old";0,678143644491462;0
"392";"D15_11";2019;50070;"50230";0,211847508255898;"Old";0,678143644491462;0
"393";"D15_11";2020;50070;"50230";0,211847508255898;"Old";0,678143644491462;0
"394";"D15_11";2022;50070;"50230";0,211847508255898;"Old";0,678143644491462;0
"395";"D15_11";2023;50070;"50230";0,211847508255898;"Old";0,678143644491462;0
"396";"D15_11";2024;50070;"50230";0,211847508255898;"Old";0,678143644491462;0
"397";"D15_11";2025;50070;"50230";0,211847508255898;"Old";0,678143644491462;0
"398";"D15_13";2016;35945;"50033";0;"Old";0;0,448113467871008
"399";"D15_13";2017;35945;"50033";0;"Old";0;0,448113467871008
"400";"D15_13";2018;35945;"50033";0;"Old";0;0,448113467871008
"401";"D15_13";2019;35945;"50033";0;"Old";0;0,448113467871008
"402";"D15_13";2020;35945;"50033";0;"Old";0;0,448113467871008
"403";"D15_13";2022;57923;"57925";0;"Old";0,181365356641328;0
"404";"D15_13G";2016;43812;"50225";0,645331378715154;"New";0;0,724056733935502
"405";"D15_13G";2017;43812;"50225";0,645331378715154;"Old";0;0,724056733935502
"406";"D15_2";2016;35971;"50231";0;"New";0,748112417428098;0,632075645247338
"407";"D15_2";2017;35971;"50231";0;"Old";0,748112417428098;0,632075645247338
"408";"D15_2";2021;50231;"57160";0,527108504953538;"New";0;0
"409";"D15_2";2025;50231;"61540";0;"New";0;0,264151290494674
"410";"D15_2A";2017;50311;"50455";0;"New";0;0,908018911311833
"411";"D15_2A";2020;50311;"55692";0,0542170099070769;"New";0,622168626142152;0
"412";"D15_2A";2024;50311;"59959";0,290662757430308;"New";0;0
"413";"D15_2A";2025;50311;"59959";0,290662757430308;"Old";0;0
"414";"D15_2B";2017;50312;"50456";0,408885631191923;"New";0;0,392924814658103
"415";"D15_2B";2018;50312;"50456";0,408885631191923;"Old";0;0,392924814658103
"416";"D15_2B";2021;50456;"57205";0;"New";0;0,816037822623669
"417";"D15_2B";2022;50456;"57915";1;"New";0;0,540094556559171
"418";"D15_3";2016;48445;"50215";0;"New";0;0
"419";"D15_5";2015;26555;"26557";0,810843401981413;"Old";0;0
"420";"D15_5";2016;26555;"26557";0,810843401981413;"Old";0;0
"421";"D15_5";2017;26555;"26557";0,810843401981413;"Old";0;0
"422";"D15_5";2018;26555;"55401";0,68473900330236;"New";0;0
"423";"D15_5";2019;26555;"55401";0,68473900330236;"Old";0;0
"424";"D15_5";2021;26555;"55401";0,68473900330236;"Old";0;0
"425";"D15_5";2023;50115;"58344";0,763554252476769;"Old";NA;NA
"426";"D15_6";2015;43087;"50209";0;"Old";0;0
"427";"D15_6";2017;43087;"50209";0;"Old";0;0
"428";"D15_6";2018;43087;"50209";0;"Old";0;0
"429";"D15_6";2019;43087;"50209";0;"Old";0;0
"430";"D15_6";2020;43087;"50209";0;"Old";0;0
"431";"D15_6";2021;43087;"50209";0;"Old";0;0
"432";"D15_6";2022;43087;"50209";0;"Old";0;0
"433";"D15_6";2023;43087;"50209";0;"Old";0;0
"434";"D15_6";2025;43087;"50209";0;"Old";0;0
"435";"D15_7";2015;46013;"48380";0,527108504953538;"Old";0;0,586085100903255
"436";"D15_7";2016;31228;"50098";0,290662757430308;"Old";0;0
"437";"D15_8";2015;31277;"46021";0,881777126238385;"Old";0,244337252284304;0,517099284387128
"438";"D15_8";2016;31277;"46021";0,881777126238385;"Old";0,244337252284304;0,517099284387128
"439";"D15_9";2015;26630;"43705";0,527108504953538;"Old";0;0,862028366967753
"440";"D15_9";2016;26630;"43705";0,527108504953538;"Old";0;0,862028366967753
"441";"D15_9";2019;48493;"55417";0,527108504953538;"Old";NA;NA
"442";"D16_1";2016;48455;"50303";0,0542170099070769;"Old";0;0
"443";"D16_1";2017;48455;"50303";0,0542170099070769;"Old";0;0
"444";"D16_1";2018;48455;"50303";0,0542170099070769;"Old";0;0
"445";"D16_1";2019;48455;"50303";0,0542170099070769;"Old";0;0
"446";"D16_1";2020;48455;"55449";0,763554252476769;"New";0,685140521785127;0
"447";"D16_1";2021;48455;"55449";0,763554252476769;"Old";0,685140521785127;0
"448";"D16_10";2017;43873;"48559";0;"Old";0;0,908018911311833
"449";"D16_10";2019;48559;"55418";0,251255132843105;"New";0;0,494104012215088
"450";"D16_10";2020;48559;"55418";0,251255132843105;"Old";0;0,494104012215088
"451";"D16_10";2021;48559;"55418";0,251255132843105;"Old";0;0,494104012215088
"452";"D16_10";2022;48559;"55418";0,251255132843105;"Old";0;0,494104012215088
"453";"D16_10";2024;48559;"55418";0,251255132843105;"Old";0;0,494104012215088
"454";"D16_10";2025;48559;"55418";0,251255132843105;"Old";0;0,494104012215088
"455";"D16_2";2016;50090;"50095";0,763554252476769;"Old";0;0
"456";"D16_22";2017;50459;"50463";1;"Old";0,055421565355382;0
"457";"D16_3";2020;55506;"55695";1;"New";0,055421565355382;0,632075645247335
"458";"D16_3";2021;55506;"55695";1;"Old";0,055421565355382;0,632075645247335
"459";"D16_3";2022;55506;"57882";0;"New";0,937028104357029;0,540094556559171
"460";"D16_3";2024;55506;"57882";0;"Old";0,937028104357029;0,540094556559171
"461";"D16_3_largeup";2025;55506;"57882";0;"Old";0,370281043570255;0,632075645247338
"462";"D17_1";2021;57162;"57167";0,290662757430308;"Old";0;0
"463";"D17_10";2017;50157;"50159";0,290662757430308;"Old";0,937028104357029;0,264151290494674
"464";"D17_11";2019;44914;"50144";0,290662757430308;"New";0;0,00134817995705827
"465";"D17_11";2020;44914;"50144";0,290662757430308;"Old";0;0,00134817995705827
"466";"D17_11";2021;44914;"50144";0,290662757430308;"Old";0;0,00134817995705827
"467";"D17_11";2022;44914;"50144";0,290662757430308;"Old";0;0,00134817995705827
"468";"D17_11";2023;44914;"50144";0,290662757430308;"Old";0;0,00134817995705827
"469";"D17_11";2024;44914;"50144";0,290662757430308;"Old";0;0,00134817995705827
"470";"D17_11";2025;44914;"50144";0,290662757430308;"Old";0;0,00134817995705827
"471";"D17_14";2017;50491;"50500";0,645331378715154;"Old";0,842570260892564;0,816037822623669
"472";"D17_14";2018;50491;"50500";0,645331378715154;"Old";0,842570260892564;0,816037822623669
"473";"D17_15";2017;50164;"50173";0;"Old";0;0
"474";"D17_15";2018;50173;"55407";0,574397654458185;"New";0;0,926415129049469
"475";"D17_15";2019;50173;"55407";0,574397654458185;"Old";0;0,926415129049469
"476";"D17_15";2020;50173;"55407";0,574397654458185;"Old";0;0,926415129049469
"477";"D17_15";2021;50173;"55407";0,574397654458185;"Old";0;0,926415129049469
"478";"D17_15";2022;50173;"55407";0,574397654458185;"Old";0;0,926415129049469
"479";"D17_15";2024;55407;"59969";0,527108504953538;"New";0,685140521785127;0
"480";"D17_15";2025;55407;"59969";0,527108504953538;"Old";0,685140521785127;0
"481";"D17_16";2017;50165;"50172";0,408885631191923;"Old";0,386024017480997;0,264151290494674
"482";"D17_16";2018;50165;"50172";0,408885631191923;"Old";0,386024017480997;0,264151290494674
"483";"D17_16";2019;50165;"50172";0,408885631191923;"Old";0,386024017480997;0,264151290494674
"484";"D17_16";2020;50165;"50172";0,408885631191923;"Old";0,386024017480997;0,264151290494674
"485";"D17_16";2021;50165;"50172";0,408885631191923;"Old";0,386024017480997;0,264151290494674
"486";"D17_16";2022;50165;"50172";0,408885631191923;"Old";0,386024017480997;0,264151290494674
"487";"D17_16";2023;50165;"50172";0,408885631191923;"Old";0,386024017480997;0,264151290494674
"488";"D17_16";2024;50165;"50172";0,408885631191923;"Old";0,386024017480997;0,264151290494674
"489";"D17_16";2025;50165;"61525";0,527108504953538;"New";0;0
"490";"D17_22_22cmplx";2020;55697;"56602";0;"Old";0,748112417428098;0,724056733935502
"491";"D17_22_22cmplx";2021;55697;"56602";0;"Old";0,748112417428098;0,724056733935502
"492";"D17_22_22cmplx";2022;55697;"56602";0;"Old";0,748112417428098;0,724056733935502
"493";"D17_22_22cmplx";2023;55697;"56602";0;"Old";0,748112417428098;0,724056733935502
"494";"D17_22_22cmplx";2024;55697;"57926";0;"New";0,685140521785127;0,586085100903258
"495";"D17_22_22cmplx";2025;55697;"57926";0;"Old";0,685140521785127;0,586085100903258
"496";"D17_3";2021;50130;"50180";0,290662757430308;"Old";0,307309147927279;0
"497";"D17_8";2017;48597;"50156";0,290662757430308;"Old";0,559196730499177;0,264151290494674
"498";"D17_8";2018;48597;"50290";0,467997068072731;"New";0,889799182624792;0,724056733935502
"499";"D17_8";2019;48597;"50290";0,467997068072731;"Old";0,889799182624792;0,724056733935502
"500";"D17_8";2020;48597;"50290";0,467997068072731;"Old";0,889799182624792;0,724056733935502
"501";"D17_8";2021;48597;"50290";0,467997068072731;"Old";0,889799182624792;0,724056733935502
"502";"D17_8";2022;57902;"57903";0,349774194311115;"Old";0,0239356175338921;0
"503";"D17_8";2023;57902;"57903";0,349774194311115;"Old";0,0239356175338921;0
"504";"D17_8";2024;57902;"57903";0,349774194311115;"Old";0,0239356175338921;0
"505";"D17_8";2025;57902;"57903";0,349774194311115;"Old";0,0239356175338921;0
"506";"D19_4";2019;50092;"55453";0,763554252476769;"Old";0,181365356641333;0,724056733935506
"507";"D21_1";2024;50095;"50250";0,763554252476769;"Old";0;0
"508";"D21_1";2025;50095;"50250";0,763554252476769;"Old";0;0
"509";"D21_10";2021;57179;"57189";0,763554252476769;"Old";0,433252939213226;0,632075645247338
"510";"D21_10";2022;57179;"57189";0,763554252476769;"Old";0,433252939213226;0,632075645247338
"511";"D21_10";2023;57189;"58359";0,290662757430308;"New";0,401766991391745;0,0341985687742626
"512";"D21_10";2024;57189;"58359";0,290662757430308;"Old";0,401766991391745;0,0341985687742626
"513";"D21_11";2022;57191;"57928";1;"New";0,43325293921323;0
"514";"D21_13";2021;57193;"57197";0,290662757430308;"Old";0;0,0801891131183429
"515";"D21_13";2022;57193;"57911";0,527108504953538;"New";0,937028104357029;0,264151290494674
"516";"D21_14";2021;57195;"57199";0;"Old";0,43325293921323;0,540094556559171
"517";"D21_15";2021;57221;"57222";0,290662757430308;"Old";0,559196730499181;0,908018911311833
"518";"D21_4";2021;50157;"57213";0,763554252476769;"Old";NA;NA
"519";"D21_4";2023;50157;"58361";0;"New";0;0,0801891131183429
"520";"D21_6";2022;57215;"57877";0;"New";0;0,0801891131183429
"521";"D21_8";2021;43827;"57184";0;"Old";0;0,908018911311833
"522";"D21_8";2022;43827;"57184";0;"Old";0;0,908018911311833
"523";"D21_8";2023;57184;"58333";0,527108504953538;"New";0;0,264151290494674
"524";"D21_9";2021;57178;"57188";0,290662757430308;"Old";0,181365356641333;0,632075645247338
"525";"D21_9";2023;57188;"58349";0,645331378715154;"New";0;0,586085100903255
"526";"D21_9";2024;57188;"58349";0,645331378715154;"Old";0;0,586085100903255
"527";"D22_1";2022;57885;"57935";0,605923754127948;"Old";0;0
"528";"D22_1";2023;57885;"57935";0,605923754127948;"Old";0;0
"529";"D22_1";2025;57885;"57935";0,605923754127948;"Old";0;0
"530";"D22_17";2024;59941;"59976";0,172439883668692;"Old";0,653654573963633;0
"531";"D22_17";2025;59941;"59976";0,172439883668692;"Old";0,653654573963633;0
"532";"D22_2";2023;57929;"58362";0;"New";0;0
"533";"D22_2";2024;57929;"58362";0;"Old";0;0
"534";"D22_2";2025;57929;"58362";0;"Old";0;0
"535";"D22_26";2025;60115;"61541";0,527108504953538;"New";0,937028104357025;0
"536";"D22_4";2023;55488;"58354";0;"New";0;0
"537";"D22_4";2024;55488;"58354";0;"Old";0;0
"538";"D22_4";2025;55488;"58354";0;"Old";0;0
"539";"D22_5";2025;60109;"61580";0,763554252476769;"New";0;0
"540";"DJ_35";2005;35947;"35959";0;"Old";0,559196730499177;0,540094556559171
"541";"E1";2011;31215;"41253";0,527108504953538;"New";0,811084313071074;NA
"542";"E1";2012;41253;"45040";0;"New";0,244337252284308;NA
"543";"E11";2011;41265;"43797";0,527108504953538;"New";0,748112417428098;NA
"544";"E11";2012;41265;"43797";0,527108504953538;"Old";0,748112417428098;NA
"545";"E11";2014;48415;"48416";1;"Old";0;0
"546";"E13";2012;44998;"46001";0,0542170099070769;"Old";0;NA
"547";"E16";2011;26541;"43823";0,763554252476769;"Old";0,842570260892564;NA
"548";"E16";2012;26541;"43823";0,763554252476769;"Old";0,842570260892564;NA
"549";"E19A";2011;43888;"45014";0,0542170099070769;"Old";0;NA
"550";"E20A";2014;43899;"48434";0,0542170099070769;"Old";0,937028104357025;NA
"551";"E20A_2011";2011;43890;"45004";0,0542170099070769;"Old";0,748112417428103;NA
"552";"E21";2012;44995;"46009";0,527108504953538;"Old";0;NA
"553";"E22";2011;43794;"43819";0,527108504953538;"Old";0,370281043570255;NA
"554";"E22";2012;43794;"43819";0,527108504953538;"Old";0,370281043570255;NA
"555";"E23A";2011;43891;"43899";0,527108504953538;"Old";0,685140521785127;NA
"556";"E23A";2012;43891;"43899";0,527108504953538;"Old";0,685140521785127;NA
"557";"E24";2011;43795;"43825";0,0542170099070769;"Old";0;NA
"558";"E24";2012;43795;"43825";0,0542170099070769;"Old";0;NA
"559";"E24_1";2024;26679;"59943";0;"Old";NA;NA
"560";"E24_2";2024;57212;NA;0;"Old";0;0
"561";"E25";2011;45025;"45030";1;"Old";0;NA
"562";"E25";2012;45025;"45030";1;"Old";0;NA
"563";"E27";2011;43796;"43820";0,0542170099070769;"Old";0;NA
"564";"E27";2012;43796;"43820";0,0542170099070769;"Old";0;NA
"565";"E27";2014;43796;"43820";0,0542170099070769;"Old";0;NA
"566";"E29";2012;44978;"44996";0,290662757430308;"Old";0,181365356641333;NA
"567";"E29";2014;44978;"44996";0,290662757430308;"Old";0,181365356641333;NA
"568";"E40";2012;43025;"44902";0,763554252476769;"New";0,496224834856201;NA
"569";"E9";2010;41251;"41254";0,881777126238385;"Old";0,811084313071074;NA
"570";"F11";2014;48415;"48416";1;"Old";0;0
"571";"G";2005;29521;"35996";0;"Old";0;0
"572";"H14A";2011;43889;"43897";0;"Old";0;NA
"573";"H14A";2012;43889;"43897";0;"Old";0;NA
"574";"H17";2011;26503;"43786";0,763554252476769;"New";0,937028104357025;NA
"575";"H17";2012;26503;"43786";0,763554252476769;"Old";0,937028104357025;NA
"576";"H2";2001;29649;"29692";0,0542170099070769;"Old";NA;0,816037822623669
"577";"H21";2005;26507;"26508";0,302485044806469;"Old";0,0554215653553775;0
"578";"H21";2006;26507;"26508";0,302485044806469;"Old";0,0554215653553775;0
"579";"H25";2005;26506;"26509";0,598042229210507;"Old";0,496224834856205;0,724056733935502
"580";"H3";2014;48417;"48430";0,290662757430308;"Old";0,559196730499177;NA
"581";"H31";2014;48404;"48410";0,763554252476769;"Old";0;NA
"582";"H35";2011;43892;"45003";1;"Old";0;NA
"583";"H35A";2011;26526;"45023";0,290662757430308;"Old";0;NA
"584";"H37";2006;29773;"29780";0;"New";0,433252939213226;0,908018911311833
"585";"H38";2006;31208;"31210";0;"Old";0;0,17217020180651
"586";"H41";2007;26807;"26823";0,763554252476769;"Old";0,559196730499177;0,17217020180651
"587";"H42";2019;50035;"55446";0,0542170099070769;"Old";0,307309147927279;0,448113467871004
"588";"H8";2007;26505;"26827";0,763554252476769;"New";0;0
"589";"IC";2006;38903;"38936";0,527108504953538;"Old";0,685140521785127;0
"590";"IC";2017;38936;"50493";0,763554252476769;"New";0;0
"591";"IC";2019;50493;"56605";0,560886468885431;"New";0,968514052178514;0
"592";"IC";2020;50493;"56605";0,560886468885431;"Old";0,968514052178514;0
"593";"J";2005;35948;"35954";0,645331378715154;"Old";0,338795095748769;0,494104012215091
"594";"J";2006;35948;"35954";0,645331378715154;"Old";0,338795095748769;0,494104012215091
"595";"J1";2012;43753;"44963";0;"Old";0,685140521785127;NA
"596";"J14";2014;48547;"48557";0,763554252476769;"Old";0,181365356641333;NA
"597";"J19";2014;46114;"46124";0,763554252476769;"Old";0,559196730499177;NA
"598";"J24_1";2024;59939;"59954";0,290662757430308;"Old";0;0,0801891131183429
"599";"J24_1";2025;59939;"59954";0,290662757430308;"Old";0;0,0801891131183429
"600";"J24_2";2024;59957;"59979";0;"Old";0,118393460998357;0
"601";"J24_3";2024;57220;"59960";0,763554252476769;"Old";0,055421565355382;0
"602";"J24_3";2025;57220;"59960";0,763554252476769;"Old";0,055421565355382;0
"603";"J24_4";2024;59963;"59966";0,527108504953538;"Old";0;0
"604";"J26";2014;48429;"48433";0,763554252476769;"Old";0,685140521785127;NA
"605";"J34";2011;38020;"43811";0,0542170099070769;"Old";0,370281043570259;NA
"606";"J34";2012;38020;"43811";0,0542170099070769;"Old";0,370281043570259;NA
"607";"J34";2014;38020;"43811";0,0542170099070769;"Old";0,370281043570259;NA
"608";"J45";2012;44985;"44986";0,763554252476769;"Old";0,559196730499177;NA
"609";"J5";2017;46027;"50458";0,763554252476769;"New";0,43325293921323;0
"610";"J6A";2012;44999;"46004";0,527108504953538;"Old";0,118393460998357;NA
"611";"J9";2011;43812;"43821";0;"Old";0,338795095748769;NA
"612";"J9";2012;43812;"43821";0;"Old";0,338795095748769;NA
"613";"J9A";2011;43862;"43868";0,290662757430308;"Old";0;NA
"614";"K(k.J2)";2011;29798;"43756";0;"Old";0,874056208714054;NA
"615";"K13";2012;29798;"43756";0;"Old";0,874056208714054;NA
"616";"K15_1";2016;50086;"50219";0;"New";0;0,908018911311833
"617";"K15_12";2017;50222;"50476";0,763554252476769;"New";0;0,448113467871008
"618";"K15_13";2016;50085;"50229";0;"New";0,118393460998357;0,908018911311833
"619";"K15_13";2018;50128;"55502";0,763554252476769;"Old";0;0,0617928953807102
"620";"K15_13";2019;55466;"55502";0,763554252476769;"New";0;0
"621";"K15_13";2021;55438;"55466";0;"New";0,842570260892564;0
"622";"K15_13";2022;55438;"55466";0;"Old";0,842570260892564;0
"623";"K15_13";2024;55466;"60111";0,172439883668692;"New";0,0554215653553775;0,494104012215085
"624";"K15_13";2025;55466;"60111";0,172439883668692;"Old";0,0554215653553775;0,494104012215085
"625";"K15_14";2021;55456;"57201";0,290662757430308;"New";0,685140521785127;0
"626";"K15_14";2022;57875;"57883";0,527108504953538;"Old";0,811084313071074;0
"627";"K15_16";2020;50484;"55693";0,527108504953538;"New";0,181365356641328;0,0801891131183429
"628";"K15_17(W24)";2016;50087;"50226";0,763554252476769;"New";0,307309147927284;0,908018911311833
"629";"K15_18";2015;50233;"50239";0,763554252476769;"Old";0,149879408819843;0,632075645247338
"630";"K15_18";2017;50233;"50239";0,763554252476769;"Old";0,149879408819843;0,632075645247338
"631";"K15_18";2021;50083;"50234";0,2315513205495;"Old";0;0
"632";"K15_18";2022;50234;"57871";0;"New";0;0,816037822623669
"633";"K15_19";2016;50083;"50234";0,2315513205495;"New";0;0
"634";"K15_19";2017;50083;"50234";0,2315513205495;"Old";0;0
"635";"K15_19";2018;50083;"50234";0,2315513205495;"Old";0;0
"636";"K15_20";2016;50238;"50308";0,172439883668692;"New";0,338795095748765;0,724056733935502
"637";"K15_20";2017;50238;"50308";0,172439883668692;"Old";0,338795095748765;0,724056733935502
"638";"K15_20";2018;50133;"50308";0,763554252476769;"New";0,517215466737196;0,448113467871004
"639";"K15_20";2019;50133;"50308";0,763554252476769;"Old";0,517215466737196;0,448113467871004
"640";"K15_20";2021;50133;"50308";0,763554252476769;"Old";0,517215466737196;0,448113467871004
"641";"K15_21";2017;50326;"50479";0,290662757430308;"New";0,937028104357025;0,908018911311833
"642";"K15_21";2021;50326;"55688";1;"New";0;0,724056733935502
"643";"K15_22";2017;50306;"50480";0;"New";0;0,678066189591422
"644";"K15_22";2018;50306;"50480";0;"Old";0;0,678066189591422
"645";"K15_22";2021;57186;"57217";0,290662757430308;"Old";0;0
"646";"K15_22";2022;57186;"57217";0,290662757430308;"Old";0;0
"647";"K15_22";2024;55571;"57217";0,290662757430308;"New";NA;NA
"648";"K15_22";2025;55571;"57217";0,290662757430308;"Old";NA;NA
"649";"K15_27(11_12)";2015;44991;"50213";0,290662757430308;"Old";0,307309147927279;0,86202836696775
"650";"K15_3";2016;50082;"50235";0,527108504953538;"New";0,055421565355382;0
"651";"K15_4";2016;50220;"50307";0;"New";0;0,17217020180651
"652";"K15_4";2017;50220;"50307";0;"Old";0;0,17217020180651
"653";"K15_4";2020;50307;"55690";0,527108504953538;"New";0,685140521785127;0
"654";"K15_4";2021;50307;"55690";0,527108504953538;"Old";0,685140521785127;0
"655";"K15_5";2016;50227;"50314";0,408885631191923;"New";0,139384092879348;0
"656";"K15_5";2017;50227;"50314";0,408885631191923;"Old";0,139384092879348;0
"657";"K15_5";2018;50227;"50314";0,408885631191923;"Old";0,139384092879348;0
"658";"K15_6";2022;57873;"57881";0,842369501651175;"Old";0,0134403015933968;0,0188683873262326
"659";"K15_6";2024;57873;"57881";0,842369501651175;"Old";0,0134403015933968;0,0188683873262326
"660";"K15_6";2025;57873;"57881";0,842369501651175;"Old";0,0134403015933968;0,0188683873262326
"661";"K15_7";2017;50221;"50486";0,408885631191923;"New";0;0,724056733935502
"662";"K15_7";2019;50221;"50486";0,408885631191923;"Old";0;0,724056733935502
"663";"K16_1";2017;50310;"50461";0,172439883668692;"New";0,685140521785127;1
"664";"K16_1";2019;48395;"50310";1;"New";0;0,540094556559171
"665";"K16_1";2020;48395;"55696";0,645331378715154;"New";0,748112417428103;0
"666";"K16_1";2021;48395;"55696";0,645331378715154;"Old";0,748112417428103;0
"667";"K16_1";2023;50310;"60003";0;"New";0,307309147927279;0,356132379182841
"668";"K16_12";2020;55457;"55509";0;"Old";0;0,908018911311833
"669";"K16_15";2017;50474;"50483";0,408885631191923;"Old";0;0
"670";"K16_15";2018;50474;"50483";0,408885631191923;"Old";0;0
"671";"K16_15";2019;50474;"50483";0,408885631191923;"Old";0;0
"672";"K16_15";2020;50474;"50483";0,408885631191923;"Old";0;0
"673";"K16_15";2021;50474;"50483";0,408885631191923;"Old";0;0
"674";"K16_15";2022;50474;"50483";0,408885631191923;"Old";0;0
"675";"K16_15";2024;50474;"50483";0,408885631191923;"Old";0;0
"676";"K16_15";2025;50474;"50483";0,408885631191923;"Old";0;0
"677";"K16_16";2016;50316;"50426";0,527108504953538;"Old";0;0
"678";"K16_16";2017;50316;"50426";0,527108504953538;"Old";0;0
"679";"K16_16";2020;50316;"50433";0,290662757430308;"Old";NA;NA
"680";"K16_16A";2019;50227;"50314";0,408885631191923;"Old";0,496224834856201;0
"681";"K16_16A";2022;50314;"57879";0,763554252476769;"New";0,244337252284308;0
"682";"K16_17";2017;50317;"50473";0;"New";0;0,540094556559171
"683";"K16_17";2018;50127;"50134";0;"Old";0;0
"684";"K16_17";2020;50127;"50134";0;"Old";0;0
"685";"K16_17";2021;50127;"50134";0;"Old";0;0
"686";"K16_17";2022;50127;"57872";0,172439883668692;"New";0,16562238273059;0
"687";"K16_17";2023;50127;"57872";0,172439883668692;"Old";0,16562238273059;0
"688";"K16_17";2024;50127;"57872";0,172439883668692;"Old";0,16562238273059;0
"689";"K16_17";2025;50127;"57872";0,172439883668692;"Old";0,16562238273059;0
"690";"K16_18";2016;50318;"50431";0,810843401981413;"Old";0;0
"691";"K16_18";2017;50318;"50431";0,810843401981413;"Old";0;0
"692";"K16_18";2018;50318;"50431";0,810843401981413;"Old";0;0
"693";"K16_18";2019;50318;"50431";0,810843401981413;"Old";0;0
"694";"K16_18";2021;50318;"50431";0,810843401981413;"Old";0;0
"695";"K16_18";2022;50318;"57878";0;"New";0,307309147927279;0,448113467871008
"696";"K16_18";2024;50318;"60101";0,763554252476769;"New";0,496224834856201;0
"697";"K16_18";2025;60101;"61575";0;"New";0,559196730499181;0
"698";"K16_19";2017;50319;"50466";0,408885631191923;"New";0,391271675451245;0,432783286422978
"699";"K16_19";2018;50319;"50466";0,408885631191923;"Old";0,391271675451245;0,432783286422978
"700";"K16_19";2019;50319;"50466";0,408885631191923;"Old";0,391271675451245;0,432783286422978
"701";"K16_19";2020;50319;"50466";0,408885631191923;"Old";0,391271675451245;0,432783286422978
"702";"K16_19";2021;50319;"50466";0,408885631191923;"Old";0,391271675451245;0,432783286422978
"703";"K16_19";2022;50319;"50466";0,408885631191923;"Old";0,391271675451245;0,432783286422978
"704";"K16_2";2017;41282;"48395";0,290662757430308;"New";0,307309147927284;0,816037822623666
"705";"K16_2";2018;50310;"50461";0,172439883668692;"Old";0,181365356641333;0,724056733935502
"706";"K16_20";2017;50320;"50467";1;"New";0,811084313071078;0,0801891131183429
"707";"K16_20";2019;50141;"50320";0;"Old";0;0
"708";"K16_20";2020;50141;"50320";0;"Old";0;0
"709";"K16_21_largeup";2020;35946;"55688";0;"Old";0,874056208714049;0
"710";"K16_23";2017;50325;"50465";0,290662757430308;"Old";0,748112417428098;0
"711";"K16_23A";2018;50324;"55501";0;"Old";0;0
"712";"K16_4";2016;50097;"50302";0;"Old";0;0,770047278279586
"713";"K16_4";2017;50097;"50302";0;"Old";0;0,770047278279586
"714";"K16_4";2018;50097;"55402";1;"New";0;0,172170201806507
"715";"K16_4";2019;55402;"55413";0,763554252476769;"New";0,118393460998357;0,693396371039449
"716";"K16_4";2020;55402;"55413";0,763554252476769;"Old";0,118393460998357;0,693396371039449
"717";"K16_4";2021;55402;"55413";0,763554252476769;"Old";0,118393460998357;0,693396371039449
"718";"K16_4";2023;57893;"58341";0;"New";0,391271675451245;0,816037822623669
"719";"K16_4";2024;57893;"58341";0;"Old";0,391271675451245;0,816037822623669
"720";"K16_4";2025;57893;"58341";0;"Old";0,391271675451245;0,816037822623669
"721";"K16_4F";2016;50092;"50094";0,290662757430308;"Old";0,286318516046289;0,540094556559168
"722";"K16_4F";2017;50092;"50094";0,290662757430308;"Old";0,286318516046289;0,540094556559168
"723";"K16_4F";2018;50092;"50094";0,290662757430308;"Old";0,286318516046289;0,540094556559168
"724";"K16_6";2017;50155;"50497";0,527108504953538;"Old";0,748112417428098;0
"725";"K16_6";2019;50155;"50497";0,527108504953538;"Old";0,748112417428098;0
"726";"K16_6";2022;57917;"57921";0,527108504953538;"Old";0,34929041168926;0
"727";"K16_6";2024;57917;"57921";0,527108504953538;"Old";0,34929041168926;0
"728";"K16_6";2025;57917;"57921";0,527108504953538;"Old";0,34929041168926;0
"729";"K16_8";2018;55504;NA;0,605923754127948;"Old";0,181365356641333;0,87735854841578
"730";"K16_8";2019;55504;NA;0,605923754127948;"New";0,181365356641333;0,87735854841578
"731";"K16_8";2020;55504;NA;0,605923754127948;"New";0,181365356641333;0,87735854841578
"732";"K16_8";2023;57938;"58356";0;"New";0,622168626142152;0
"733";"K16_8";2024;57938;"59899";0,645331378715154;"New";0;0
"734";"K16_8";2025;57938;"59899";0,645331378715154;"Old";0;0
"735";"K17_10";2019;50140;"55420";0,290662757430308;"New";0,307309147927279;0,816037822623669
"736";"K17_11";2020;46154;"55682";0,349774194311115;"Old";0,0239356175338965;0
"737";"K17_11";2021;46154;"55682";0,349774194311115;"Old";0,0239356175338965;0
"738";"K17_11";2022;46154;"55682";0,349774194311115;"Old";0,0239356175338965;0
"739";"K17_11";2023;46154;"55682";0,349774194311115;"Old";0,0239356175338965;0
"740";"K17_11";2025;46154;"61513";0,290662757430308;"New";0,118393460998357;0,908018911311836
"741";"K17_12";2020;50139;"56617";0,527108504953538;"New";0,622168626142152;0,816037822623666
"742";"K17_12";2021;56617;"57211";0;"New";0,874056208714049;0
"743";"K17_13";2017;50151;"50496";1;"Old";0,937028104357025;1
"744";"K17_13";2018;50496;"55406";0,0246612914666731;"New";0;0,551592192645191
"745";"K17_13";2019;50496;"55406";0,0246612914666731;"Old";0;0,551592192645191
"746";"K17_13";2020;50496;"55406";0,0246612914666731;"Old";0;0,551592192645191
"747";"K17_13";2021;50496;"55406";0,0246612914666731;"Old";0;0,551592192645191
"748";"K17_13";2022;50496;"55406";0,0246612914666731;"Old";0;0,551592192645191
"749";"K17_13";2023;50496;"55406";0,0246612914666731;"Old";0;0,551592192645191
"750";"K17_13";2024;50496;"55406";0,0246612914666731;"Old";0;0,551592192645191
"751";"K17_13";2025;50496;"55406";0,0246612914666731;"Old";0;0,551592192645191
"752";"K17_14A";2020;44992;"55694";0,290662757430308;"Old";0;0
"753";"K17_14_middle";2024;55694;"57959";0,290662757430308;"Old";NA;NA
"754";"K17_14_middle";2025;57959;"61553";1;"New";NA;NA
"755";"K17_15";2017;50153;"50498";0,432530205944245;"Old";0,345092285313065;0,724056733935502
"756";"K17_15";2018;50153;"50498";0,432530205944245;"Old";0,345092285313065;0,724056733935502
"757";"K17_15";2019;50153;"50498";0,432530205944245;"Old";0,345092285313065;0,724056733935502
"758";"K17_15";2020;50153;"50498";0,432530205944245;"Old";0,345092285313065;0,724056733935502
"759";"K17_15";2021;50153;"50498";0,432530205944245;"Old";0,345092285313065;0,724056733935502
"760";"K17_18";2018;50149;"50177";0,290662757430308;"New";0;0,0311325324846534
"761";"K17_18";2019;50149;"50177";0,290662757430308;"Old";0;0,0311325324846534
"762";"K17_18";2021;50149;"50177";0,290662757430308;"Old";0;0,0311325324846534
"763";"K17_19";2021;55698;"57168";0,0542170099070769;"New";0;0,908018911311833
"764";"K17_25";2017;43761;"50494";0,68473900330236;"Old";0,643159258023147;0,356132379182837
"765";"K17_25";2019;43761;"50494";0,68473900330236;"Old";0,643159258023147;0,356132379182837
"766";"K17_25";2021;43761;"50494";0,68473900330236;"Old";0,643159258023147;0,356132379182837
"767";"K17_25";2023;43761;"60001";0;"New";0;0,632075645247338
"768";"K17_4";2021;56603;"57153";0,101506159411724;"New";0;0,392924814658106
"769";"K17_4";2022;56603;"57153";0,101506159411724;"Old";0;0,392924814658106
"770";"K17_4";2023;56603;"57153";0,101506159411724;"Old";0;0,392924814658106
"771";"K17_4";2024;56603;"57153";0,101506159411724;"Old";0;0,392924814658106
"772";"K17_4";2025;56603;"57153";0,101506159411724;"Old";0;0,392924814658106
"773";"K17_6";2017;43844;"43874";0,527108504953538;"Old";0;0,908018911311833
"774";"K17_6 (K17_24)";2019;43844;"43874";0,527108504953538;"Old";0;0,0801891131183429
"775";"K17_7";2017;50171;"50489";0,763554252476769;"Old";0,244337252284304;0,724056733935502
"776";"K17_9";2017;50158;"50490";0,0542170099070769;"Old";0,433252939213226;0,17217020180651
"777";"K18_1";2019;50146;"55435";0;"New";0,149879408819843;0
"778";"K18_1";2020;50146;"55435";0;"Old";0,149879408819843;0
"779";"K18_1";2022;57922;"57926";0,763554252476769;"Old";1;0,356132379182841
"780";"K18_12";2020;56606;"56700";0,290662757430308;"Old";0,527710782677691;0,632075645247338
"781";"K18_12";2021;56606;"56700";0,290662757430308;"Old";0,527710782677691;0,632075645247338
"782";"K18_12";2022;50494;"56606";0,0542170099070769;"New";0,748112417428103;0,0801891131183429
"783";"K18_2";2019;48415;"48416";1;"New";0;0
"784";"K18_4";2021;55510;"57154";0;"New";0;0
"785";"K18_4";2022;55510;"57154";0;"Old";0;0
"786";"K18_4";2025;57154;"61572";0;"New";0,874056208714049;0,632075645247338
"787";"K19_10";2019;55448;"55452";0,763554252476769;"Old";0;0,448113467871004
"788";"K19_10";2021;55448;"55452";0,763554252476769;"Old";0;0,448113467871004
"789";"K19_10";2025;61554;"61599";0;"Old";0;0
"790";"K19_11_largeup";2025;61578;"61582";0,763554252476769;"Old";0,937028104357029;0
"791";"K19_14_largeup";2021;50240;"55455";0,763554252476769;"New";0;0,540094556559171
"792";"K19_14_largeup";2022;50416;"55455";0,0542170099070769;"New";NA;NA
"793";"K19_15";2020;43047;"55685";0,763554252476769;"Old";0,664149889904132;0,478773830767061
"794";"K19_15";2021;43047;"55685";0,763554252476769;"Old";0,664149889904132;0,478773830767061
"795";"K19_15";2022;43047;"55685";0,763554252476769;"Old";0,664149889904132;0,478773830767061
"796";"K19_15_22cmplx";2021;26783;"48555";0;"Old";0,370281043570255;0
"797";"K19_15_22cmplx";2022;26783;"48555";0;"Old";0,370281043570255;0
"798";"K19_15_22cmplx";2023;48555;"58337";0,842369501651178;"New";0,685140521785132;0,417453104974948
"799";"K19_15_22cmplx";2024;48555;"58337";0,842369501651178;"Old";0,685140521785132;0,417453104974948
"800";"K19_15_22cmplx";2025;48555;"58337";0,842369501651178;"Old";0,685140521785132;0,417453104974948
"801";"K19_16";2021;55468;"57150";0,527108504953538;"New";0;0,632075645247335
"802";"K19_16";2022;55468;"57150";0,527108504953538;"Old";0;0,632075645247335
"803";"K19_16";2023;58353;"58360";0,172439883668692;"Old";0;0,448113467871004
"804";"K19_16";2024;58353;"58360";0,172439883668692;"Old";0;0,448113467871004
"805";"K19_16";2025;58353;"61549";0,290662757430308;"New";0;0
"806";"K19_19";2020;26635;"56611";0;"Old";0;0,218160746150593
"807";"K19_19";2021;26635;"56611";0;"Old";0;0,218160746150593
"808";"K19_19";2022;26635;"57913";0,0542170099070769;"New";0,370281043570255;0,724056733935502
"809";"K19_19";2023;57913;"58339";0;"New";0,685140521785127;0,17217020180651
"810";"K19_19";2024;57913;"58339";0;"Old";0,685140521785127;0,17217020180651
"811";"K19_2";2019;43755;"43757";0;"Old";0;NA
"812";"K19_20";2020;56612;"56622";0;"Old";0,181365356641328;1
"813";"K19_20";2021;56612;"57210";0,290662757430308;"New";0;0,816037822623666
"814";"K19_20";2025;61529;"61532";0,0542170099070769;"Old";0;0
"815";"K19_22";2020;48561;"55684";0;"Old";0;0
"816";"K19_22";2021;48561;"55684";0;"Old";0;0
"817";"K19_22";2022;48561;"55684";0;"Old";0;0
"818";"K19_22";2023;55684;"58348";0,763554252476769;"New";0,160374724760338;0
"819";"K19_22";2024;55684;"58348";0,763554252476769;"Old";0,160374724760338;0
"820";"K19_22";2025;55684;"58348";0,763554252476769;"Old";0,160374724760338;0
"821";"K19_23";2022;57912;NA;0,448293255779129;"Old";0,874056208714049;0,908018911311833
"822";"K19_23";2023;57912;NA;0,448293255779129;"New";0,874056208714049;0,908018911311833
"823";"K19_23";2024;57912;"59975";0,763554252476769;"New";0;0
"824";"K19_23";2025;57912;NA;0,448293255779129;"New";0,874056208714049;0,908018911311833
"825";"K19_24";2021;26740;"57196";0,763554252476769;"Old";0,716626469606617;0
"826";"K19_24";2022;26740;"57196";0,763554252476769;"Old";0,716626469606617;0
"827";"K19_24";2023;26740;"57196";0,763554252476769;"Old";0,716626469606617;0
"828";"K19_24";2024;26740;"57196";0,763554252476769;"Old";0,716626469606617;0
"829";"K19_29";2020;55683;"55686";0;"Old";0,559196730499181;0,86202836696775
"830";"K19_29";2021;55683;"55686";0;"Old";0,559196730499181;0,86202836696775
"831";"K19_3";2019;45188;"48324";0,763554252476769;"Old";NA;NA
"832";"K19_30";2020;43065;"46102";0;"Old";0,842570260892564;0,586085100903252
"833";"K19_30";2021;43065;"46102";0;"Old";0,842570260892564;0,586085100903252
"834";"K19_30";2022;57920;"57924";0,527108504953538;"Old";0;0,0801891131183429
"835";"K19_31";2021;57171;"57208";0,621686803962832;"Old";0;0,668868080722604
"836";"K19_31";2022;57171;"57208";0,621686803962832;"Old";0;0,668868080722604
"837";"K19_31";2023;57171;"57208";0,621686803962832;"Old";0;0,668868080722604
"838";"K19_31";2024;57171;"57208";0,621686803962832;"Old";0;0,668868080722604
"839";"K19_31";2025;57171;"57208";0,621686803962832;"Old";0;0,668868080722604
"840";"K19_38";2020;55412;"55419";0;"Old";0;0,724056733935502
"841";"K19_38";2021;55412;"55419";0;"Old";0;0,724056733935502
"842";"K19_4";2020;55411;"55687";0;"New";0;0,0801891131183429
"843";"K19_7";2019;46025;"55444";0;"Old";0;0
"844";"K19_7";2020;46025;"55444";0;"Old";0;0
"845";"K19_7";2021;46025;"55444";0;"Old";0;0
"846";"K19_8";2019;55447;"55450";0;"Old";0,937028104357025;0
"847";"K19_9";2019;29521;"55449";0;"Old";1;0
"848";"K20_10A_22cmplx";2024;57115;"57943";0,172439883668692;"Old";0;0,264151290494677
"849";"K20_10_22cmplx";2020;56619;"57115";0,921184750825591;"Old";0;0
"850";"K20_10_22cmplx";2021;56619;"57115";0,921184750825591;"Old";0;0
"851";"K20_10_22cmplx";2022;56619;"57115";0,921184750825591;"Old";0;0
"852";"K20_10_22cmplx";2023;57115;"57943";0,172439883668692;"New";0,433252939213226;0
"853";"K20_14";2021;56620;"57202";0;"New";0,307309147927279;0,724056733935506
"854";"K20_15";2021;50493;"56605";0,560886468885431;"Old";0,647357384399346;0
"855";"K20_15";2022;50493;"56605";0,560886468885431;"Old";0,647357384399346;0
"856";"K20_15";2023;50493;"56605";0,560886468885431;"Old";0,647357384399346;0
"857";"K20_15";2024;50493;"56605";0,560886468885431;"Old";0,647357384399346;0
"858";"K20_15";2025;50493;"56605";0,560886468885431;"Old";0,647357384399346;0
"859";"K20_17";2021;57156;"57166";0,763554252476769;"Old";0,685140521785127;0
"860";"K20_17";2022;48598;"57904";0;"Old";0;0,540094556559171
"861";"K20_17";2023;48598;"57904";0;"Old";0;0,540094556559171
"862";"K20_17";2024;48598;"57904";0;"Old";0;0,540094556559171
"863";"K20_19";2021;57157;"57175";0,527108504953538;"Old";0,559196730499181;0,724056733935502
"864";"K20_19";2022;57175;"57942";0,763554252476769;"New";0;0
"865";"K20_24";2021;57159;"57204";1;"Old";0;0
"866";"K20_25";2021;56689;"57163";0,290662757430308;"New";0,181365356641333;0,724056733935506
"867";"K20_26_cmplx";2021;57207;"57212";0,290662757430308;"Old";0;0,540094556559171
"868";"K20_29";2021;57173;"57209";0,645331378715154;"Old";0,685140521785127;0,489504957780681
"869";"K20_29";2022;57173;"57209";0,645331378715154;"Old";0,685140521785127;0,489504957780681
"870";"K20_3";2021;57148;"57155";1;"Old";0,181365356641333;0,356132379182837
"871";"K20_3";2022;57148;"57155";1;"Old";0,181365356641333;0,356132379182837
"872";"K20_33";2021;48465;"57176";0,0542170099070769;"Old";0;0,724056733935502
"873";"K20_37";2021;57149;"57152";0,763554252476769;"Old";0,244337252284304;0,816037822623666
"874";"K20_37";2022;57149;"57152";0,763554252476769;"Old";0,244337252284304;0,816037822623666
"875";"K20_8";2020;50213;"56615";0;"Old";0,559196730499177;0,494104012215088
"876";"K20_8";2021;50213;"56615";0;"Old";0,559196730499177;0,494104012215088
"877";"K20_8";2023;56615;"60007";0,133032259081489;"New";0;0,17217020180651
"878";"K20_8";2024;56615;"60007";0,133032259081489;"Old";0;0,17217020180651
"879";"K20_8";2025;56615;"60007";0,133032259081489;"Old";0;0,17217020180651
"880";"K21";2011;43033;"43833";0,527108504953538;"New";0;NA
"881";"K21_10";2021;50260;"57190";0;"Old";0;0
"882";"K21_14";2022;50162;"57908";0,290662757430308;"Old";0,307309147927279;0,448113467871004
"883";"K21_14";2023;50162;"57908";0,290662757430308;"Old";0,307309147927279;0,448113467871004
"884";"K21_14";2024;50162;"59942";0,0542170099070769;"New";0;0,540094556559171
"885";"K21_18";2023;58347;"58357";0,527108504953538;"Old";0;0
"886";"K21_18";2024;58347;"59898";0,763554252476769;"New";0,055421565355382;0,172170201806507
"887";"K21_18";2025;58347;"59898";0,763554252476769;"Old";0,055421565355382;0,172170201806507
"888";"K21_2";2021;50378;"57169";0,527108504953538;"Old";NA;NA
"889";"K21_20";2022;50136;"57916";0,822665689357577;"Old";0;0,494104012215088
"890";"K21_20";2023;50136;"57916";0,822665689357577;"Old";0;0,494104012215088
"891";"K21_20";2024;50136;"57916";0,822665689357577;"Old";0;0,494104012215088
"892";"K21_20";2025;50136;"57916";0,822665689357577;"Old";0;0,494104012215088
"893";"K21_21";2022;57874;"57880";0,527108504953538;"Old";0,338795095748769;0
"894";"K21_21";2023;57874;"57880";0,527108504953538;"Old";0,338795095748769;0
"895";"K21_21";2025;57874;"61550";0,0542170099070769;"New";0,559196730499181;0
"896";"K21_23";2022;57894;"57939";0,467997068072731;"Old";0,00819264362315375;0,655070917419379
"897";"K21_23";2023;57894;"57939";0,467997068072731;"Old";0,00819264362315375;0,655070917419379
"898";"K21_23";2024;57894;"57939";0,467997068072731;"Old";0,00819264362315375;0,655070917419379
"899";"K21_23";2025;57894;"57939";0,467997068072731;"Old";0,00819264362315375;0,655070917419379
"900";"K21_25";2023;50245;"58345";0,133032259081486;"New";0,916037472476034;0,29481165339073
"901";"K21_25";2024;50245;"58345";0,133032259081486;"Old";0,916037472476034;0,29481165339073
"902";"K21_25";2025;50245;"58345";0,133032259081486;"Old";0,916037472476034;0,29481165339073
"903";"K21_28";2024;59952;"59958";0,527108504953538;"Old";0,244337252284308;0,356132379182841
"904";"K21_28";2025;59952;"59958";0,527108504953538;"Old";0,244337252284308;0,356132379182841
"905";"K21_29";2025;26654;"61545";0,290662757430308;"Old";0,874056208714054;0
"906";"K21_36";2023;57863;"57951";0,527108504953538;"Old";0;0,632075645247338
"907";"K21_36";2024;57863;"57951";0,527108504953538;"Old";0;0,632075645247338
"908";"K21_36";2025;57863;"57951";0,527108504953538;"Old";0;0,632075645247338
"909";"K21_37";2022;50176;"57954";0;"Old";0;0,727122770225108
"910";"K21_37";2023;50176;"57954";0;"Old";0;0,727122770225108
"911";"K21_37";2024;50176;"57954";0;"Old";0;0,727122770225108
"912";"K21_39";2023;57942;"58358";0,527108504953538;"Old";0;0
"913";"K21_4";2021;57185;"57219";0;"Old";0;0,386792742078897
"914";"K21_4";2022;57185;"57219";0;"Old";0;0,386792742078897
"915";"K21_4";2023;57185;"57219";0;"Old";0;0,386792742078897
"916";"K21_4";2024;57219;"59900";0,527108504953538;"New";0;0,264151290494677
"917";"K21_4";2025;57219;"59900";0,527108504953538;"Old";0;0,264151290494677
"918";"K21_5";2021;50324;"57183";0;"Old";0;0
"919";"K21_5";2022;50324;"57183";0;"Old";0;0
"920";"K21_5";2023;50324;"57183";0;"Old";0;0
"921";"K21_5";2024;50324;"57183";0;"Old";0;0
"922";"K21_5";2025;50324;"57183";0;"Old";0;0
"923";"K21_6";2022;57192;"57927";0,211847508255895;"New";0,832074944952068;0,540094556559171
"924";"K21_6";2024;57192;"57927";0,211847508255895;"Old";0,832074944952068;0,540094556559171
"925";"K21_6";2025;57192;"57927";0,211847508255895;"Old";0,832074944952068;0,540094556559171
"926";"K21_7";2021;57194;"57198";0,527108504953538;"Old";0,244337252284308;0
"927";"K22_10";2022;57895;"57937";0,290662757430308;"Old";0;0,0801891131183429
"928";"K22_10";2023;57895;"57937";0,290662757430308;"Old";0;0,0801891131183429
"929";"K22_14";2014;48506;"48507";0,763554252476769;"Old";0;NA
"930";"K22_17_largeup";2025;61576;"61579";0;"Old";0,244337252284304;0,816037822623669
"931";"K22_19";2024;59973;"59977";0,527108504953538;"Old";0,685140521785127;0
"932";"K22_21";2023;60004;"60008";0,763554252476769;"Old";0;1
"933";"K22_29";2024;59962;"59965";0,763554252476769;"Old";0,527710782677691;0
"934";"K22_29";2025;59962;"59965";0,763554252476769;"Old";0,527710782677691;0
"935";"K22_30";2023;58346;"58350";0;"Old";0;0,908018911311833
"936";"K22_30";2024;58350;"59955";0,0542170099070769;"New";0;0,540094556559171
"937";"K22_36";2025;61542;"61548";0;"Old";0,685140521785127;1
"938";"K22_4";2023;57936;"58334";0,763554252476769;"New";0;0,816037822623669
"939";"K22_5";2022;57896;"57931";0;"Old";0,0711645392661248;0,724056733935502
"940";"K22_5";2023;57896;"57931";0;"Old";0,0711645392661248;0,724056733935502
"941";"K22_5";2024;57896;"57931";0;"Old";0,0711645392661248;0,724056733935502
"942";"K22_5";2025;57896;"57931";0;"Old";0,0711645392661248;0,724056733935502
"943";"K22_52";2023;58366;"60005";0;"Old";0;0,126179657462426
"944";"K22_52";2025;58366;"60005";0;"Old";0;0,126179657462426
"945";"K22_63";2024;59951;"59970";0,290662757430308;"Old";0;0,356132379182841
"946";"K22_68";2025;59963;"59966";0,527108504953538;"Old";0;0
"947";"K22_69";2023;57207;"60002";0,763554252476769;"Old";0,496224834856197;0,586085100903255
"948";"K22_69";2024;57207;"60002";0,763554252476769;"Old";0,496224834856197;0,586085100903255
"949";"K22_7";2022;57887;"57930";0,408885631191923;"Old";0;0,609080373075295
"950";"K22_7";2023;57887;"57930";0,408885631191923;"Old";0;0,609080373075295
"951";"K22_7";2024;57887;"57930";0,408885631191923;"Old";0;0,609080373075295
"952";"K22_7";2025;57887;"57930";0,408885631191923;"Old";0;0,609080373075295
"953";"K22_9";2024;60110;"60119";0,763554252476769;"Old";0,811084313071078;0,17217020180651
"954";"K22_9";2025;60110;"60119";0,763554252476769;"Old";0,811084313071078;0,17217020180651
"955";"K23";2011;43827;"43834";0,763554252476769;"Old";0,496224834856201;NA
"956";"K23_17";2025;59984;"61567";0,290662757430308;"New";0;0,0801891131183429
"957";"K23_2";2023;58352;"60009";0;"Old";0,0869075131768764;0,402122923526921
"958";"K23_2";2024;58352;"60009";0;"Old";0,0869075131768764;0,402122923526921
"959";"K23_6";2024;43715;"59938";0,763554252476769;"Old";0,43325293921323;0,17217020180651
"960";"K23_9";2024;50148;"59947";0,0542170099070769;"Old";0;0,264151290494674
"961";"K23_9";2025;50148;"59947";0,0542170099070769;"Old";0;0,264151290494674
"962";"K24";2011;43805;"43838";0,527108504953538;"Old";0,559196730499177;NA
"963";"K24";2012;43805;"43838";0,527108504953538;"Old";0,559196730499177;NA
"964";"K24_6";2025;60122;"61546";0,0542170099070769;"New";0,244337252284308;0,356132379182841
"965";"K25_1";2025;61534;"61538";1;"Old";0,43325293921323;0
"966";"K25_2";2025;57205;"61535";0,763554252476769;"Old";0;0,632075645247338
"967";"K25_4";2025;61555;"61558";0;"Old";0,685140521785127;0,540094556559171
"968";"K25_7";2025;61577;"61581";0,527108504953538;"Old";0,874056208714054;0,816037822623669
"969";"K25_8";2025;50484;"55693";0,527108504953538;"Old";0,685140521785127;0,908018911311833
"970";"K30";2012;43828;"44934";0,763554252476769;"New";0;NA
"971";"K36";2011;43807;"43835";0,763554252476769;"Old";0;NA
"972";"K36";2012;43807;"43835";0,763554252476769;"Old";0;NA
"973";"K36";2014;43807;"43835";0,763554252476769;"Old";0;NA
"974";"K36A";2014;44981;"48570";0,68473900330236;"Old";0;0
"975";"K36B";2014;48564;"48574";0,763554252476769;"Old";0;NA
"976";"K36B";2016;44981;"48570";0,68473900330236;"Old";0;0
"977";"K36B";2017;44981;"48570";0,68473900330236;"Old";0;0
"978";"K36C";2018;50143;"50175";0;"New";0;0
"979";"K39";2011;43830;"43839";0,290662757430308;"Old";0;NA
"980";"K4";2016;46030;"50093";0;"Old";0,43325293921323;0,540094556559171
"981";"K41";2011;43808;"43831";0;"Old";0;NA
"982";"K41";2017;50471;"50482";0;"Old";0;0,540094556559171
"983";"K42";2014;44962;"48505";0,763554252476769;"New";0,43325293921323;NA
"984";"K43";2016;44982;"50224";0,763554252476769;"Old";0,307309147927279;NA
"985";"K43A";2017;50472;"50478";0,290662757430308;"Old";0;0,356132379182837
"986";"K44";2016;44950;"50223";0,527108504953538;"Old";0,43325293921323;0
"987";"K44_2005";2005;35902;"35903";0;"Old";0,811084313071074;0,632075645247338
"988";"K6A";2011;43847;"43880";0,881777126238385;"Old";0;NA
"989";"K6A";2012;43847;"43880";0,881777126238385;"Old";0;NA
"990";"K6B";2011;43869;"43881";0,763554252476769;"Old";0;NA
"991";"K8";2014;44931;"48541";0,527108504953538;"New";0,937028104357025;NA
"992";"K8";2015;44931;"50217";0,172439883668692;"New";0;0,540094556559171
"993";"K8";2016;44931;"50217";0,172439883668692;"Old";0;0,540094556559171
"994";"K8";2017;44931;"50162";0;"New";0;0
"995";"K8";2018;44931;"55404";0;"New";0;0,0571938409463028
"996";"K8";2019;44931;"55404";0;"Old";0;0,0571938409463028
"997";"K8";2020;44931;"55404";0;"Old";0;0,0571938409463028
"998";"K8";2021;44931;"55404";0;"Old";0;0,0571938409463028
"999";"K8";2022;44931;"55404";0;"Old";0;0,0571938409463028
"1000";"K8";2023;44931;"55404";0;"Old";0;0,0571938409463028
"1001";"K8";2024;44931;"55404";0;"Old";0;0,0571938409463028
"1002";"K8";2025;44931;"55404";0;"Old";0;0,0571938409463028
"1003";"L24_2";2025;61530;"61533";0,763554252476769;"Old";0;0
"1004";"M1";2006;29606;"29647";0;"Old";0;0,448113467871008
"1005";"M11";2006;31220;"31227";0;"Old";0;0
"1006";"M11";2011;31227;"43813";0;"New";0;NA
"1007";"M11";2012;31227;"43813";0;"Old";0;NA
"1008";"M11";2015;50204;"50210";0;"Old";0,055421565355382;0,632075645247338
"1009";"M11";2016;50091;"50210";0,172439883668692;"New";0,0239356175338965;0
"1010";"M11";2017;50091;"50210";0,172439883668692;"Old";0,0239356175338965;0
"1011";"M11";2019;55412;"55419";0;"Old";0;1
"1012";"M12";2014;46166;"48527";0;"Old";0,811084313071074;NA
"1013";"M14";2006;31236;"31246";0,763554252476769;"Old";0;0,356132379182841
"1014";"M15(N04)";2006;31228;"38008";0,527108504953538;"Old";0;0,908018911311836
"1015";"M17";2006;31221;"31235";1;"Old";0;0,908018911311836
"1016";"M18";2006;31222;"31230";0,763554252476769;"Old";0;0,724056733935506
"1017";"M19_4";2020;56610;"56614";0,763554252476769;"Old";0,464738887034716;0,0341985687742594
"1018";"M19_4";2021;56610;"56614";0,763554252476769;"Old";0,464738887034716;0,0341985687742594
"1019";"M19_4";2022;56610;"57901";0,0542170099070769;"New";0;0
"1020";"M19_4";2023;56610;"57901";0,0542170099070769;"Old";0;0
"1021";"M19_4";2025;56610;"61570";0,763554252476769;"New";0,874056208714054;0,540094556559171
"1022";"M2";2006;29612;"31206";0,0542170099070769;"Old";0;0,448113467871004
"1023";"M2";2014;31206;"48438";0,763554252476769;"New";0,685140521785127;NA
"1024";"M20";2012;44941;"44942";0;"Old";0,181365356641328;NA
"1025";"M21";2006;31229;"31234";0,527108504953538;"Old";0,181365356641328;0,816037822623666
"1026";"M22";2012;31268;"46013";0,0542170099070769;"Old";0,622168626142152;0,448113467871008
"1027";"M22_2006";2006;26575;"31232";0,0542170099070769;"Old";0,181365356641333;0,816037822623669
"1028";"M25";2006;35915;"35917";0,763554252476769;"Old";0,496224834856205;0
"1029";"M26";2006;31240;"31249";0;"Old";0,496224834856205;0,540094556559171
"1030";"M27";2006;31247;"38033";0;"Old";0,811084313071078;0,724056733935502
"1031";"M4";2006;31212;"31237";0,763554252476769;"Old";0,622168626142152;0,448113467871004
"1032";"M5";2006;31213;"31225";0,290662757430308;"Old";0,685140521785127;0,632075645247338
"1033";"M6";2006;31214;"31226";0,527108504953538;"Old";0;0,0801891131183429
"1034";"M7";2006;31215;"31224";0,290662757430308;"Old";0,118393460998357;0,724056733935502
"1035";"M7";2009;31215;"41253";0,527108504953538;"New";0,937028104357029;NA
"1036";"M8";2006;31217;"31241";0,527108504953538;"Old";0,118393460998357;0,816037822623669
"1037";"Manuel";2006;38932;"38937";0,290662757430308;"Old";0,43325293921323;0,264151290494677
"1038";"Manuel";2007;38932;"38937";0,290662757430308;"Old";0,43325293921323;0,264151290494677
"1039";"N";2005;35961;"35967";0,527108504953538;"Old";1;0,17217020180651
"1040";"N1";2005;35963;"35997";0,0542170099070769;"Old";1;0,908018911311833
"1041";"N2";2005;29792;"35965";0,0542170099070769;"Old";0;0,632075645247335
"1042";"N20";2005;35960;"35964";0,290662757430308;"Old";0;0,356132379182841
"1043";"N3";2005;35962;"35968";0,0542170099070769;"Old";0,527710782677691;0,770047278279589
"1044";"N3";2006;35962;"35968";0,0542170099070769;"Old";0,527710782677691;0,770047278279589
"1045";"N4";2005;35987;"35993";0,645331378715154;"Old";0,275823200105794;0,17217020180651
"1046";"N4";2006;35987;"35993";0,645331378715154;"Old";0,275823200105794;0,17217020180651
"1047";"N5";2005;35990;"35999";0,645331378715154;"Old";0,874056208714054;0
"1048";"N5";2006;35990;"35999";0,645331378715154;"Old";0,874056208714054;0
"1049";"N7";2005;35991;"35995";0;"Old";0,496224834856201;0,632075645247338
"1050";"N8";2005;35992;"35998";0,0542170099070769;"Old";0;0,678066189591419
"1051";"N8";2006;35992;"35998";0,0542170099070769;"Old";0;0,678066189591419
"1052";"NI";2018;50150;"55408";0,763554252476769;"Old";0,055421565355382;NA
"1053";"NI";2019;50150;"55433";0,763554252476769;"New";0;0,816037822623666
"1054";"NI";2022;57945;"57948";0;"Old";0,685140521785127;0
"1055";"NI";2023;57945;"57948";0;"Old";0,685140521785127;0
"1056";"NI";2025;57948;"61544";0;"New";0,937028104357025;0
"1057";"NT";2014;44937;"44938";0,0542170099070769;"Old";0,559196730499177;NA
"1058";"S15_1";2016;50218;"50305";0,0542170099070769;"New";0,00714311202910067;0
"1059";"S15_1";2017;50218;"50305";0,0542170099070769;"Old";0,00714311202910067;0
"1060";"S15_1";2018;50218;"50305";0,0542170099070769;"Old";0,00714311202910067;0
"1061";"T7";2011;43804;"43826";0,527108504953538;"Old";0;NA
"1062";"T7";2014;43804;"43826";0,527108504953538;"Old";0;NA
"1063";"T7";2016;43804;"50236";0,881777126238385;"Old";0;0
"1064";"T7";2017;43804;"50236";0,881777126238385;"Old";0;0
"1065";"T7";2018;50082;"50236";0,645331378715154;"New";0,669397547874385;0
"1066";"T7";2019;50082;"50236";0,645331378715154;"Old";0,669397547874385;0
"1067";"T7";2021;50082;"50236";0,645331378715154;"Old";0,669397547874385;0
"1068";"T7";2022;50082;"50236";0,645331378715154;"Old";0,669397547874385;0
"1069";"T7";2023;50082;"58335";0,133032259081489;"New";0;0
"1070";"T7";2024;50082;"58335";0,133032259081489;"Old";0;0
"1071";"T7";2025;50082;"58335";0,133032259081489;"Old";0;0
"1072";"T7A";2014;43827;"43834";0,763554252476769;"Old";0,748112417428103;NA
"1073";"Td";2006;29621;"31207";0,763554252476769;"Old";0,811084313071074;0,448113467871008
"1074";"W10";2011;43028;"43789";0,763554252476769;"Old";0,055421565355382;NA
"1075";"W11";2010;43027;"43034";0;"Old";0;NA
"1076";"W11";2012;43027;"43034";0;"Old";0;NA
"1077";"W18";2011;43787;"43816";0,921184750825591;"Old";0;NA
"1078";"W18";2012;43787;"43816";0,921184750825591;"Old";0;NA
"1079";"W18";2014;43787;"43816";0,921184750825591;"Old";0;NA
"1080";"W20";2010;43029;"43035";0,881777126238385;"Old";0,118393460998357;NA
"1081";"W20";2014;48515;"48569";0;"Old";0,622168626142152;NA
"1082";"W20";2015;48569;"50208";0,527108504953538;"New";0;1
"1083";"W20";2019;55422;"55440";0;"Old";0,323052121838022;0,0341985687742594
"1084";"W20";2020;55422;"55440";0;"Old";0,323052121838022;0,0341985687742594
"1085";"W20";2021;55422;"55440";0;"Old";0,323052121838022;0,0341985687742594
"1086";"W20";2022;55422;"55440";0;"Old";0,323052121838022;0,0341985687742594
"1087";"W20";2024;55422;"59949";0,527108504953538;"New";0,496224834856201;0,310141834838757
"1088";"W20";2025;55422;"59949";0,527108504953538;"Old";0,496224834856201;0,310141834838757
"1089";"W24";2017;50087;"50226";0,763554252476769;"Old";0,181365356641333;0,17217020180651
"1090";"W24A";2018;50137;"50485";0,369478006604717;"New";0,601177994261162;0,662736008143392
"1091";"W24A";2019;50137;"50485";0,369478006604717;"Old";0,601177994261162;0,662736008143392
"1092";"W24A";2021;50137;"50485";0,369478006604717;"Old";0,601177994261162;0,662736008143392
"1093";"W24A";2022;50137;"57876";0,349774194311115;"New";0;0
"1094";"W24A";2023;50137;"57876";0,349774194311115;"Old";0;0
"1095";"W24A";2024;50137;"57876";0,349774194311115;"Old";0;0
"1096";"W24A";2025;50137;"57876";0,349774194311115;"Old";0;0
"1097";"W25";2011;43855;"43875";0,763554252476769;"Old";0,43325293921323;NA
"1098";"W27";2014;48522;"48531";0;"Old";0,181365356641333;0,448113467871004
"1099";"W27";2016;48522;"48531";0;"Old";0,181365356641333;0,448113467871004
"1100";"W27";2021;44878;"48522";0;"New";0;0
"1101";"W27";2022;44878;"48522";0;"Old";0;0
"1102";"W27";2024;44878;"59968";0,0542170099070769;"New";1;0,724056733935502
"1103";"W28N";2011;26953;"26976";1;"Old";0;NA
"1104";"W28N";2012;26953;"26976";1;"Old";0;NA
"1105";"W28N";2014;26953;"46100";0,391996649225978;"New";0,451244909396935;0,119609579698987
"1106";"W28N";2017;26953;"46100";0,391996649225978;"Old";0,451244909396935;0,119609579698987
"1107";"W28N";2019;26953;"46100";0,391996649225978;"Old";0,451244909396935;0,119609579698987
"1108";"W28N";2020;26953;"46100";0,391996649225978;"Old";0,451244909396935;0,119609579698987
"1109";"W28N";2021;26953;"46100";0,391996649225978;"Old";0,451244909396935;0,119609579698987
"1110";"W28N";2022;26953;"46100";0,391996649225978;"Old";0,451244909396935;0,119609579698987
"1111";"W28N";2023;26953;"46100";0,391996649225978;"Old";0,451244909396935;0,119609579698987
"1112";"W28N";2024;26953;"59897";0,0542170099070769;"New";0,275823200105789;0,540094556559171
"1113";"W28N";2025;26953;"59897";0,0542170099070769;"Old";0,275823200105789;0,540094556559171
"1114";"W32";2011;29526;"43836";0,211847508255895;"Old";0;NA
"1115";"W32";2012;29526;"43836";0,211847508255895;"Old";0;NA
"1116";"W32";2014;29526;"43836";0,211847508255895;"Old";0;NA
"1117";"W32A";2012;44917;"44959";0,0542170099070769;"Old";0;NA
"1118";"W35";2009;41260;"41263";1;"Old";0,874056208714049;NA
"1119";"W38A";2012;46015;"46025";0;"Old";0;NA
"1120";"W38A";2014;46015;"46025";0;"Old";0;NA
"1121";"W38A";2015;46025;"46070";0,684739003302357;"New";NA;NA
"1122";"W38A";2016;46025;"46070";0,684739003302357;"Old";NA;NA
"1123";"W38A";2017;46025;"46070";0,684739003302357;"Old";NA;NA
"1124";"W38A";2021;57170;"57206";0,0542170099070769;"Old";0,811084313071078;0,448113467871004
"1125";"W38A";2023;46025;"55444";0;"New";0;0
"1126";"W38A";2024;46025;"59956";0;"New";0;0,356132379182837
"1127";"W38A";2025;46025;"59956";0;"Old";0;0,356132379182837
"1128";"W38N";2012;43030;"44896";0,527108504953538;"Old";0;NA
"1129";"W39";2015;46028;"46172";0,527108504953538;"Old";0,055421565355382;0,770047278279586
"1130";"W39";2017;46028;"50152";0;"New";0,0396785914446393;0
"1131";"W39";2018;46028;"50152";0;"Old";0,0396785914446393;0
"1132";"W39";2019;46028;"50152";0;"Old";0,0396785914446393;0
"1133";"W39";2020;46028;"50152";0;"Old";0,0396785914446393;0
"1134";"W39";2021;46070;"50152";0;"New";NA;NA
"1135";"W39B";2017;50167;"50327";0,810843401981416;"New";0;0,484905903346273
"1136";"W39B";2018;50167;"50327";0,810843401981416;"Old";0;0,484905903346273
"1137";"W39B";2019;50167;"50327";0,810843401981416;"Old";0;0,484905903346273
"1138";"W39B";2020;50167;"50327";0,810843401981416;"Old";0;0,484905903346273
"1139";"W39B";2021;50167;"50327";0,810843401981416;"Old";0;0,484905903346273
"1140";"W40";2011;43788;"43817";0;"Old";0,118393460998357;NA
"1141";"W40";2015;41260;"43817";0,438441349632327;"New";0;0,0629426589893112
"1142";"W40";2017;41260;"43817";0,438441349632327;"Old";0;0,0629426589893112
"1143";"W40";2019;41260;"43817";0,438441349632327;"Old";0;0,0629426589893112
"1144";"W40";2020;41260;"43817";0,438441349632327;"Old";0;0,0629426589893112
"1145";"W40";2021;41260;"43817";0,438441349632327;"Old";0;0,0629426589893112
"1146";"W40";2022;41260;"43817";0,438441349632327;"Old";0;0,0629426589893112
"1147";"W40";2023;41260;"43817";0,438441349632327;"Old";0;0,0629426589893112
"1148";"W40";2024;41260;"43817";0,438441349632327;"Old";0;0,0629426589893112
"1149";"W40";2025;43817;"62201";0;"New";0;0
"1150";"W41J";2014;26975;"44955";0;"New";0;0,130360616039161
"1151";"W41J";2015;26975;"44955";0;"Old";0;0,130360616039161
"1152";"W41J";2017;26975;"44955";0;"Old";0;0,130360616039161
"1153";"W41J";2018;26975;"44955";0;"Old";0;0,130360616039161
"1154";"W41J";2019;26975;"44955";0;"Old";0;0,130360616039161
"1155";"W41J";2020;26975;"44955";0;"Old";0;0,130360616039161
"1156";"W41J";2021;26975;"44955";0;"Old";0;0,130360616039161
"1157";"W41J";2022;26975;"44955";0;"Old";0;0,130360616039161
"1158";"W41J";2023;26975;"44955";0;"Old";0;0,130360616039161
"1159";"W41J";2024;26975;"44955";0;"Old";0;0,130360616039161
"1160";"W41J";2025;26975;"44955";0;"Old";0;0,130360616039161
"1161";"W43";2009;29644;"41259";0;"Old";0,118393460998357;NA
"1162";"W45";2009;26988;"41261";0,290662757430308;"Old";0,622168626142152;NA
"1163";"W45";2011;26988;"43800";0,527108504953538;"New";0;NA
"1164";"W45";2012;26988;"43800";0,527108504953538;"Old";0;NA
"1165";"W45";2014;43800;"48560";0;"New";0;0,356132379182841
"1166";"W45";2015;43800;"48560";0;"Old";0;0,356132379182841
"1167";"W47";2011;43854;"43864";0,822665689357577;"Old";0;0,816037822623669
"1168";"W47";2012;43854;"43864";0,822665689357577;"Old";0;0,816037822623669
"1169";"W47";2014;43854;"43864";0,822665689357577;"Old";0;0,816037822623669
"1170";"W47";2015;43854;"43864";0,822665689357577;"Old";0;0,816037822623669
"1171";"W47";2020;43864;"56607";0,645331378715154;"New";0,496224834856205;0,540094556559171
"1172";"W47";2021;43864;"56607";0,645331378715154;"Old";0,496224834856205;0,540094556559171
"1173";"W47";2023;43864;"60011";0,290662757430308;"New";0,370281043570255;0
"1174";"W49";2011;41283;"41289";0,527108504953538;"Old";0,370281043570255;NA
"1175";"W49";2012;41283;"41289";0,527108504953538;"Old";0,370281043570255;NA
"1176";"W49";2014;41283;"43858";0,881777126238385;"New";0;0,264151290494674
"1177";"W49";2015;41283;"43858";0,881777126238385;"Old";0;0,264151290494674
"1178";"W49";2017;43858;"50492";0,527108504953538;"New";0;0,402122923526921
"1179";"W49";2018;43858;"50492";0,527108504953538;"Old";0;0,402122923526921
"1180";"W49";2019;43858;"50492";0,527108504953538;"Old";0;0,402122923526921
"1181";"W49";2020;43858;"50492";0,527108504953538;"Old";0;0,402122923526921
"1182";"W50A";2014;46099;"48516";0;"Old";0,433252939213226;NA
"1183";"W50A";2015;46099;"50211";0,0542170099070769;"New";0,779598365249588;0,86202836696775
"1184";"W50A";2016;46099;"50211";0,0542170099070769;"Old";0,779598365249588;0,86202836696775
"1185";"W51";2014;48502;"48503";0,797332216408658;"Old";0;0
"1186";"W51";2016;48502;"48503";0,797332216408658;"Old";0;0
"1187";"W51";2017;48502;"48503";0,797332216408658;"Old";0;0
"1188";"W51";2018;48502;"48503";0,797332216408658;"Old";0;0
"1189";"W51";2019;48502;"48503";0,797332216408658;"Old";0;0
"1190";"W51";2020;48502;"48503";0,797332216408658;"Old";0;0
"1191";"W51";2021;48502;"48503";0,797332216408658;"Old";0;0
"1192";"W51";2023;48502;"58355";0,290662757430308;"New";0,43325293921323;0,264151290494674
"1193";"W51";2024;48502;"59937";0;"New";0,212851304462818;0,0801891131183462
"1194";"W51";2025;48502;"59937";0;"Old";0,212851304462818;0,0801891131183462
"1195";"W53";2011;26555;"26557";0,810843401981413;"New";0;0
"1196";"W53";2012;26555;"26557";0,810843401981413;"Old";0;0
"1197";"W56";2011;41256;"43815";0;"New";0,0176384279695958;0,48490590334627
"1198";"W56";2012;41256;"43815";0;"Old";0,0176384279695958;0,48490590334627
"1199";"W56";2014;43815;"48510";0,290662757430308;"New";0;NA
"1200";"W56";2015;41256;"43815";0;"Old";0,0176384279695958;0,48490590334627
"1201";"W56";2016;41256;"43815";0;"Old";0,0176384279695958;0,48490590334627
"1202";"W56";2017;41256;"43815";0;"Old";0,0176384279695958;0,48490590334627
"1203";"W56";2019;41256;"50494";0,290662757430308;"New";0,055421565355382;0,264151290494674
"1204";"W6";2015;43833;"50212";0;"Old";0;0,770047278279586
"1205";"W6";2016;50088;"50099";0;"Old";0;0,528596920473151
"1206";"W6";2017;50088;"50099";0;"Old";0;0,528596920473151
"1207";"W6";2019;50088;"50099";0;"Old";0;0,528596920473151
"1208";"W6";2020;50088;"50099";0;"Old";0;0,528596920473151
"1209";"W6";2021;50088;"50099";0;"Old";0;0,528596920473151
"1210";"W6";2022;50088;"50099";0;"Old";0;0,528596920473151
"1211";"W6";2023;50088;"50099";0;"Old";0;0,528596920473151
"1212";"W6";2024;50088;"50099";0;"Old";0;0,528596920473151
"1213";"W9_2009";2009;41262;"41264";0,0542170099070769;"Old";0;NA
"1214";"W9_2012";2012;43028;"46026";0,290662757430308;"Old";0;NA
"1215";"X";2006;38945;"38947";1;"Old";0,055421565355382;0,540094556559171
"1216";"Y22_16";2023;58340;"58343";0;"Old";0,874056208714049;0
"1217";"Y22_3";2022;55529;"55552";0,2315513205495;"Old";0;0,482606376129065
"1218";"Y22_3";2023;55529;"55552";0,2315513205495;"Old";0;0,482606376129065
"1219";"Y22_3";2024;55529;"55552";0,2315513205495;"Old";0;0,482606376129065
"1220";"Y22_3";2025;55529;"55552";0,2315513205495;"Old";0;0,482606376129065
"1221";"Y22_4";2022;57889;"57933";0,527108504953538;"Old";0,853065576833059;0,325472016286784
"1222";"Y22_4";2023;57889;"57933";0,527108504953538;"Old";0,853065576833059;0,325472016286784
"1223";"Y22_4";2024;57889;"57933";0,527108504953538;"Old";0,853065576833059;0,325472016286784
"1224";"Y22_4";2025;59988;"61574";0,0542170099070769;"Old";0,307309147927284;0,816037822623669
"1225";"Y22_5";2022;57228;"57890";0,0542170099070769;"Old";0;0
"1226";"Y22_5";2023;57193;"57890";0,527108504953538;"New";0;0,0801891131183429
"1227";"Y22_5";2025;57228;"61571";0,527108504953538;"New";0,118393460998357;0
"1228";"Y22_7";2025;60112;"61551";0,0542170099070769;"New";0;0
"1229";"Y22_9";2022;57888;"57932";0;"Old";0,307309147927279;0,540094556559171
"1230";"Y22_9";2023;57888;"57932";0;"Old";0,307309147927279;0,540094556559171
"1231";"Y23_1";2023;43812;"60010";0,842369501651178;"Old";0;0
"1232";"Y23_1";2024;43812;"60010";0,842369501651178;"Old";0;0
"1233";"Y23_1";2025;43812;"60010";0,842369501651178;"Old";0;0
"1234";"pair01";2014;48347;"48352";0,527108504953538;"Old";0;NA
"1235";"pair02";2014;45050;"48365";0,0542170099070769;"Old";0;NA
"1236";"tAg_NK";2012;44937;"44938";0,0542170099070769;"Old";0,559196730499177;NA
"1237";"wAtChp.1";2006;35910;"38939";0,290662757430308;"Old";0,370281043570255;0,908018911311833
"1238";"wAtChp.2";2006;35911;"35918";0,763554252476769;"Old";0,559196730499177;1
"1239";"wAtChp.3";2006;35924;"35935";0,0542170099070769;"Old";0;0
"1240";"wAtChp.4";2006;35923;"38935";0,290662757430308;"Old";0;0,908018911311836
"1241";"wAtChp.5";2006;38918;"38928";0,290662757430308;"Old";0,43325293921323;0,356132379182841
"1242";"wAtChp.6";2006;38914;"38926";0;"Old";0;0
"1243";NA;2001;29613;"29614";0,763554252476769;"Old";0,118393460998357;0,540094556559171
"1244";NA;2002;29504;"29505";0,527108504953538;"Old";0,496224834856201;0,448113467871004
"1245";NA;2003;29538;"29759";1;"Old";0,370281043570255;0,908018911311833
"1246";NA;2005;26510;"26511";0,527108504953538;"Old";0,811084313071074;0,724056733935502
"1247";NA;2006;26556;"26591";0,763554252476769;"Old";0;0
"1248";NA;2007;26598;"26605";0;"Old";0,937028104357025;0
"1249";NA;2008;10901;"10902";1;"Old";0,559196730499177;0,724056733935502
"1250";NA;2009;26748;"29693";0,763554252476769;"Old";NA;NA
"1251";NA;2010;10919;"26530";0,0542170099070769;"Old";0,811084313071078;0,724056733935502
"1252";NA;2011;26517;"26521";1;"Old";0,811084313071078;0,17217020180651
"1253";NA;2012;26521;"26664";0,527108504953538;"New";NA;NA
"1254";NA;2013;26503;"26783";0,763554252476769;"Old";0,811084313071078;0
"1255";NA;2014;26679;"26923";0,527108504953538;"Old";NA;NA
"1256";NA;2015;26679;"26740";0,763554252476769;"New";NA;NA
"1257";NA;2016;43854;"50328";1;"Old";0,559196730499177;0,908018911311836
"1258";NA;2017;48501;"50181";1;"Old";0,874056208714049;0,724056733935502
"1259";NA;2018;55521;"55522";0,763554252476769;"Old";0,993702810435704;0,650471862984971
"1260";NA;2019;43812;"44943";0,763554252476769;"Old";0,622168626142152;0,724056733935506
"1261";NA;2020;50348;"55470";0,763554252476769;"Old";0,748112417428103;0,540094556559171
"1262";NA;2021;26555;"26805";1;"Old";0,244337252284304;0,816037822623669
"1263";NA;2022;43812;"44878";0,527108504953538;"New";0,118393460998357;1
"1264";NA;2023;26937;"29777";1;"Old";1;0,816037822623669
"1265";NA;2024;26555;"26636";0,763554252476769;"New";0,370281043570255;0,908018911311833
"1266";NA;2025;26635;"26937";0,763554252476769;"New";0,748112417428103;1
